"id", "title"
"4180", "N/A"
"4181", "N/A"
"4182", "N/A"
"4183", "N/A"
"4184", "N/A"
"4185", "N/A"
"4186", "N/A"
"4187", "N/A"
"4188", "N/A"
"4189", "N/A"
"4190", "N/A"
"4191", "N/A"
"4192", "N/A"
"4193", "N/A"
"4194", "N/A"
"4195", "N/A"
"4196", "N/A"
"4197", "N/A"
"4198", "N/A"
"4199", "N/A"
"4200", "N/A"
"4201", "N/A"
"4202", "N/A"
"4203", "N/A"
"4204", "N/A"
"4205", "N/A"
"4206", "N/A"
"4207", "N/A"
"4208", "N/A"
"4209", "N/A"
"4210", "N/A"
"4211", "N/A"
"4212", "N/A"
"4213", "N/A"
"4214", "N/A"
"4215", "N/A"
"4216", "N/A"
"4217", "N/A"
"4218", "N/A"
"4219", "N/A"
"4220", "N/A"
"4221", "N/A"
"4222", "N/A"
"4223", "N/A"
"4224", "N/A"
"4225", "N/A"
"4226", "N/A"
"4227", "N/A"
"4228", "N/A"
"4229", "N/A"
"4230", "N/A"
"4231", "N/A"
"4232", "N/A"
"4233", "N/A"
"4234", "N/A"
"4235", "N/A"
"4236", "N/A"
"4237", "N/A"
"4238", "N/A"
"4239", "N/A"
"4240", "N/A"
"4241", "N/A"
"4242", "N/A"
"4243", "N/A"
"4244", "N/A"
"4245", "N/A"
"4246", "N/A"
"4247", "N/A"
"4248", "N/A"
"4249", "N/A"
"4250", "N/A"
"4251", "N/A"
"4252", "N/A"
"4253", "N/A"
"4254", "N/A"
"4255", "N/A"
"4256", "N/A"
"4257", "N/A"
"4258", "N/A"
"4259", "N/A"
"4260", "N/A"
"4261", "N/A"
"4262", "N/A"
"4263", "N/A"
"4264", "N/A"
"4265", "N/A"
"4266", "N/A"
"4267", "N/A"
"4268", "N/A"
"4269", "N/A"
"4270", "N/A"
"4271", "N/A"
"4272", "N/A"
"4273", "N/A"
"4274", "N/A"
"4275", "N/A"
"4276", "N/A"
"4277", "N/A"
"4278", "N/A"
"4279", "N/A"
"4280", "N/A"
"4281", "N/A"
"4282", "N/A"
"4283", "N/A"
"4284", "N/A"
"4285", "N/A"
"4286", "N/A"
"4287", "N/A"
"4288", "N/A"
"4289", "N/A"
"4290", "N/A"
"4291", "N/A"
"4292", "N/A"
"4293", "N/A"
"4294", "N/A"
"4295", "N/A"
"4296", "N/A"
"4297", "N/A"
"4298", "N/A"
"4299", "N/A"
"4300", "N/A"
"4301", "N/A"
"4302", "N/A"
"4303", "N/A"
"4304", "N/A"
"4305", "N/A"
"4306", "N/A"
"4307", "N/A"
"4308", "N/A"
"4309", "N/A"
"4310", "N/A"
"4311", "N/A"
"4312", "N/A"
"4313", "N/A"
"4314", "N/A"
"4315", "N/A"
"4316", "N/A"
"4317", "N/A"
"4318", "N/A"
"4319", "N/A"
"4320", "N/A"
"4321", "N/A"
"4322", "N/A"
"4323", "N/A"
"4324", "N/A"
"4325", "N/A"
"4326", "N/A"
"4327", "N/A"
"4328", "N/A"
"4329", "N/A"
"4330", "N/A"
"4331", "N/A"
"4332", "N/A"
"4333", "N/A"
"4334", "N/A"
"4335", "N/A"
"4336", "N/A"
"4337", "N/A"
"4338", "N/A"
"4339", "N/A"
"4340", "N/A"
"4341", "N/A"
"4342", "N/A"
"4343", "N/A"
"4344", "N/A"
"4345", "N/A"
"4346", "N/A"
"4347", "N/A"
"4348", "N/A"
"4349", "N/A"
"4350", "N/A"
"4351", "N/A"
"4352", "N/A"
"4353", "N/A"
"4354", "N/A"
"4355", "N/A"
"4356", "N/A"
"4357", "N/A"
"4358", "N/A"
"4359", "N/A"
"4360", "N/A"
"4361", "N/A"
"4362", "N/A"
"4363", "N/A"
"4364", "N/A"
"4365", "N/A"
"4366", "N/A"
"4367", "N/A"
"4368", "N/A"
"4369", "N/A"
"4370", "N/A"
"4371", "N/A"
"4372", "N/A"
"4373", "N/A"
"4374", "N/A"
"4375", "N/A"
"4376", "N/A"
"4377", "N/A"
"4378", "N/A"
"4379", "N/A"
"4380", "N/A"
"4381", "N/A"
"4382", "N/A"
"4383", "N/A"
"4384", "N/A"
"4385", "N/A"
"4386", "N/A"
"4387", "N/A"
"4388", "N/A"
"4389", "N/A"
"4390", "N/A"
"4391", "N/A"
"4392", "N/A"
"4393", "N/A"
"4394", "N/A"
"4395", "N/A"
"4396", "N/A"
"4397", "N/A"
"4398", "N/A"
"4399", "N/A"
"4400", "N/A"
"4401", "N/A"
"4402", "N/A"
"4403", "N/A"
"4404", "N/A"
"4405", "N/A"
"4406", "N/A"
"4407", "N/A"
"4408", "N/A"
"4409", "N/A"
"4410", "N/A"
"4411", "N/A"
"4412", "N/A"
"4413", "N/A"
"4414", "N/A"
"4415", "N/A"
"4416", "N/A"
"4417", "N/A"
"4418", "N/A"
"4419", "N/A"
"4420", "N/A"
"4421", "N/A"
"4422", "N/A"
"4423", "N/A"
"4424", "N/A"
"4425", "N/A"
"4426", "N/A"
"4427", "N/A"
"4428", "N/A"
"4429", "N/A"
"4430", "N/A"
"4431", "N/A"
"4432", "N/A"
"4433", "N/A"
"4434", "N/A"
"4435", "N/A"
"4436", "N/A"
"4437", "N/A"
"4438", "N/A"
"4439", "N/A"
"4440", "N/A"
"4441", "N/A"
"4442", "N/A"
"4443", "N/A"
"4444", "N/A"
"4445", "N/A"
"4446", "N/A"
"4447", "N/A"
"4448", "N/A"
"4449", "N/A"
"4450", "N/A"
"4451", "N/A"
"4452", "N/A"
"4453", "N/A"
"4454", "N/A"
"4455", "N/A"
"4456", "N/A"
"4457", "N/A"
"4458", "N/A"
"4459", "N/A"
"4460", "N/A"
"4461", "N/A"
"4462", "N/A"
"4463", "N/A"
"4464", "N/A"
"4465", "N/A"
"4466", "N/A"
"4467", "N/A"
"4468", "N/A"
"4469", "N/A"
"4470", "N/A"
"4471", "N/A"
"4472", "N/A"
"4473", "N/A"
"4474", "N/A"
"4475", "N/A"
"4476", "N/A"
"4477", "N/A"
"4478", "N/A"
"4479", "N/A"
"4480", "N/A"
"4481", "N/A"
"4482", "N/A"
"4483", "N/A"
"4484", "N/A"
"4485", "N/A"
"4486", "N/A"
"4487", "N/A"
"4488", "N/A"
"4489", "N/A"
"4490", "N/A"
"4491", "N/A"
"4492", "N/A"
"4493", "N/A"
"4494", "N/A"
"4495", "N/A"
"4496", "N/A"
"4497", "N/A"
"4498", "N/A"
"4499", "N/A"
"4500", "N/A"
"4501", "N/A"
"4502", "N/A"
"4503", "N/A"
"4504", "N/A"
"4505", "N/A"
"4506", "N/A"
"4507", "N/A"
"4508", "N/A"
"4509", "N/A"
"4510", "N/A"
"4511", "N/A"
"4512", "N/A"
"4513", "N/A"
"4514", "N/A"
"4515", "N/A"
"4516", "N/A"
"4517", "N/A"
"4518", "N/A"
"4519", "N/A"
"4520", "N/A"
"4521", "N/A"
"4522", "N/A"
"4523", "N/A"
"4524", "N/A"
"4525", "N/A"
"4526", "N/A"
"4527", "N/A"
"4528", "N/A"
"4529", "N/A"
"4530", "N/A"
"4531", "N/A"
"4532", "N/A"
"4533", "N/A"
"4534", "N/A"
"4535", "N/A"
"4536", "N/A"
"4537", "N/A"
"4538", "N/A"
"4539", "N/A"
"4540", "N/A"
"4541", "N/A"
"4542", "N/A"
"4543", "N/A"
"4544", "N/A"
"4545", "N/A"
"4546", "N/A"
"4547", "N/A"
"4548", "N/A"
"4549", "N/A"
"4550", "N/A"
"4551", "N/A"
"4552", "N/A"
"4553", "N/A"
"4554", "N/A"
"4555", "N/A"
"4556", "N/A"
"4557", "N/A"
"4558", "N/A"
"4559", "N/A"
"4560", "N/A"
"4561", "N/A"
"4562", "N/A"
"4563", "N/A"
"4564", "N/A"
"4565", "N/A"
"4566", "N/A"
"4567", "N/A"
"4568", "N/A"
"4569", "N/A"
"4570", "N/A"
"4571", "N/A"
"4572", "N/A"
"4573", "N/A"
"4574", "N/A"
"4575", "N/A"
"4576", "N/A"
"4577", "N/A"
"4578", "N/A"
"4579", "N/A"
"4580", "N/A"
"4581", "N/A"
"4582", "N/A"
"4583", "N/A"
"4584", "N/A"
"4585", "N/A"
"4586", "N/A"
"4587", "N/A"
"4588", "N/A"
"4589", "N/A"
"4590", "N/A"
"4591", "N/A"
"4592", "N/A"
"4593", "N/A"
"4594", "N/A"
"4595", "N/A"
"4596", "N/A"
"4597", "N/A"
"4598", "N/A"
"4599", "N/A"
"4600", "N/A"
"4601", "N/A"
"4602", "N/A"
"4603", "N/A"
"4604", "N/A"
"4605", "N/A"
"4606", "N/A"
"4607", "N/A"
"4608", "N/A"
"4609", "N/A"
"4610", "N/A"
"4611", "N/A"
"4612", "N/A"
"4613", "N/A"
"4614", "N/A"
"4615", "N/A"
"4616", "N/A"
"4617", "N/A"
"4618", "N/A"
"4619", "N/A"
"4620", "N/A"
"4621", "N/A"
"4622", "N/A"
"4623", "N/A"
"4624", "N/A"
"4625", "N/A"
"4626", "N/A"
"4627", "N/A"
"4628", "N/A"
"4629", "N/A"
"4630", "N/A"
"4631", "N/A"
"4632", "N/A"
"4633", "N/A"
"4634", "N/A"
"4635", "N/A"
"4636", "N/A"
"4637", "N/A"
"4638", "N/A"
"4639", "N/A"
"4640", "N/A"
"4641", "N/A"
"4642", "N/A"
"4643", "N/A"
"4644", "N/A"
"4645", "N/A"
"4646", "N/A"
"4647", "N/A"
"4648", "N/A"
"4649", "N/A"
"4650", "N/A"
"4651", "N/A"
"4652", "N/A"
"4653", "N/A"
"4654", "N/A"
"4655", "N/A"
"4656", "N/A"
"4657", "N/A"
"4658", "N/A"
"4659", "N/A"
"4660", "N/A"
"4661", "N/A"
"4662", "N/A"
"4663", "N/A"
"4664", "N/A"
"4665", "N/A"
"4666", "N/A"
"4667", "N/A"
"4668", "N/A"
"4669", "N/A"
"4670", "N/A"
"4671", "N/A"
"4672", "N/A"
"4673", "N/A"
"4674", "N/A"
"4675", "N/A"
"4676", "N/A"
"4677", "N/A"
"4678", "N/A"
"4679", "N/A"
"4680", "N/A"
"4681", "N/A"
"4682", "N/A"
"4683", "N/A"
"4684", "N/A"
"4685", "N/A"
"4686", "N/A"
"4687", "N/A"
"4688", "N/A"
"4689", "N/A"
"4690", "N/A"
"4691", "N/A"
"4692", "N/A"
"4693", "N/A"
"4694", "N/A"
"4695", "N/A"
"4696", "N/A"
"4697", "N/A"
"4698", "N/A"
"4699", "N/A"
"4700", "N/A"
"4701", "N/A"
"4702", "N/A"
"4703", "N/A"
"4704", "N/A"
"4705", "N/A"
"4706", "N/A"
"4707", "N/A"
"4708", "N/A"
"4709", "N/A"
"4710", "N/A"
"4711", "N/A"
"4712", "N/A"
"4713", "N/A"
"4714", "N/A"
"4715", "N/A"
"4716", "N/A"
"4717", "N/A"
"4718", "N/A"
"4719", "N/A"
"4720", "N/A"
"4721", "N/A"
"4722", "N/A"
"4723", "N/A"
"4724", "N/A"
"4725", "N/A"
"4726", "N/A"
"4727", "N/A"
"4728", "N/A"
"4729", "N/A"
"4730", "N/A"
"4731", "N/A"
"4732", "N/A"
"4733", "N/A"
"4734", "N/A"
"4735", "N/A"
"4736", "N/A"
"4737", "N/A"
"4738", "N/A"
"4739", "N/A"
"4740", "N/A"
"4741", "N/A"
"4742", "N/A"
"4743", "N/A"
"4744", "N/A"
"4745", "N/A"
"4746", "N/A"
"4747", "N/A"
"4748", "N/A"
"4749", "N/A"
"4750", "N/A"
"4751", "N/A"
"4752", "N/A"
"4753", "N/A"
"4754", "N/A"
"4755", "N/A"
"4756", "N/A"
"4757", "N/A"
"4758", "N/A"
"4759", "N/A"
"4760", "N/A"
"4761", "N/A"
"4762", "N/A"
"4763", "N/A"
"4764", "N/A"
"4765", "N/A"
"4766", "N/A"
"4767", "N/A"
"4768", "N/A"
"4769", "N/A"
"4770", "N/A"
"4771", "N/A"
"4772", "N/A"
"4773", "N/A"
"4774", "N/A"
"4775", "N/A"
"4776", "N/A"
"4777", "N/A"
"4778", "N/A"
"4779", "N/A"
"4780", "N/A"
"4781", "N/A"
"4782", "N/A"
"4783", "N/A"
"4784", "N/A"
"4785", "N/A"
"4786", "N/A"
"4787", "N/A"
"4788", "N/A"
"4789", "N/A"
"4790", "N/A"
"4791", "N/A"
"4792", "N/A"
"4793", "N/A"
"4794", "N/A"
"4795", "N/A"
"4796", "N/A"
"4797", "N/A"
"4798", "N/A"
"4799", "N/A"
"4800", "N/A"
"4801", "N/A"
"4802", "N/A"
"4803", "N/A"
"4804", "N/A"
"4805", "N/A"
"4806", "N/A"
"4807", "N/A"
"4808", "N/A"
"4809", "N/A"
"4810", "N/A"
"4811", "N/A"
"4812", "N/A"
"4813", "N/A"
"4814", "N/A"
"4815", "N/A"
"4816", "N/A"
"4817", "N/A"
"4818", "N/A"
"4819", "N/A"
"4820", "N/A"
"4821", "N/A"
"4822", "N/A"
"4823", "N/A"
"4824", "N/A"
"4825", "N/A"
"4826", "N/A"
"4827", "N/A"
"4828", "N/A"
"4829", "N/A"
"4830", "N/A"
"4831", "N/A"
"4832", "N/A"
"4833", "N/A"
"4834", "N/A"
"4835", "N/A"
"4836", "N/A"
"4837", "N/A"
"4838", "N/A"
"4839", "N/A"
"4840", "N/A"
"4841", "N/A"
"4842", "N/A"
"4843", "N/A"
"4844", "N/A"
"4845", "N/A"
"4846", "N/A"
"4847", "N/A"
"4848", "N/A"
"4849", "N/A"
"4850", "N/A"
"4851", "N/A"
"4852", "N/A"
"4853", "N/A"
"4854", "N/A"
"4855", "N/A"
"4856", "N/A"
"4857", "N/A"
"4858", "N/A"
"4859", "N/A"
"4860", "N/A"
"4861", "N/A"
"4862", "N/A"
"4863", "N/A"
"4864", "N/A"
"4865", "N/A"
"4866", "N/A"
"4867", "N/A"
"4868", "N/A"
"4869", "N/A"
"4870", "N/A"
"4871", "N/A"
"4872", "N/A"
"4873", "N/A"
"4874", "N/A"
"4875", "N/A"
"4876", "N/A"
"4877", "N/A"
"4878", "N/A"
"4879", "N/A"
"4880", "N/A"
"4881", "N/A"
"4882", "N/A"
"4883", "N/A"
"4884", "N/A"
"4885", "N/A"
"4886", "N/A"
"4887", "N/A"
"4888", "N/A"
"4889", "N/A"
"4890", "N/A"
"4891", "N/A"
"4892", "N/A"
"4893", "N/A"
"4894", "N/A"
"4895", "N/A"
"4896", "N/A"
"4897", "N/A"
"4898", "N/A"
"4899", "N/A"
"4900", "N/A"
"4901", "N/A"
"4902", "N/A"
"4903", "N/A"
"4904", "N/A"
"4905", "N/A"
"4906", "N/A"
"4907", "N/A"
"4908", "N/A"
"4909", "N/A"
"4910", "N/A"
"4911", "N/A"
"4912", "N/A"
"4913", "N/A"
"4914", "N/A"
"4915", "N/A"
"4916", "N/A"
"4917", "N/A"
"4918", "N/A"
"4919", "N/A"
"4920", "N/A"
"4921", "N/A"
"4922", "N/A"
"4923", "N/A"
"4924", "N/A"
"4925", "N/A"
"4926", "N/A"
"4927", "N/A"
"4928", "N/A"
"4929", "N/A"
"4930", "N/A"
"4931", "N/A"
"4932", "N/A"
"4933", "N/A"
"4934", "N/A"
"4935", "N/A"
"4936", "N/A"
"4937", "N/A"
"4938", "N/A"
"4939", "N/A"
"4940", "N/A"
"4941", "N/A"
"4942", "N/A"
"4943", "N/A"
"4944", "N/A"
"4945", "N/A"
"4946", "N/A"
"4947", "N/A"
"4948", "N/A"
"4949", "N/A"
"4950", "N/A"
"4951", "N/A"
"4952", "N/A"
"4953", "N/A"
"4954", "N/A"
"4955", "N/A"
"4956", "N/A"
"4957", "N/A"
"4958", "N/A"
"4959", "N/A"
"4960", "N/A"
"4961", "N/A"
"4962", "N/A"
"4963", "N/A"
"4964", "N/A"
"4965", "N/A"
"4966", "N/A"
"4967", "N/A"
"4968", "N/A"
"4969", "N/A"
"4970", "N/A"
"4971", "N/A"
"4972", "N/A"
"4973", "N/A"
"4974", "N/A"
"4975", "N/A"
"4976", "N/A"
"4977", "N/A"
"4978", "N/A"
"4979", "N/A"
"4980", "N/A"
"4981", "N/A"
"4982", "N/A"
"4983", "N/A"
"4984", "N/A"
"4985", "N/A"
"4986", "N/A"
"4987", "N/A"
"4988", "N/A"
"4989", "N/A"
"4990", "N/A"
"4991", "N/A"
"4992", "N/A"
"4993", "N/A"
"4994", "N/A"
"4995", "N/A"
"4996", "N/A"
"4997", "N/A"
"4998", "N/A"
"4999", "N/A"
"5000", "N/A"
"5001", "N/A"
"5002", "N/A"
"5003", "N/A"
"5004", "N/A"
"5005", "N/A"
"5006", "N/A"
"5007", "N/A"
"5008", "N/A"
"5009", "N/A"
"5010", "N/A"
"5011", "N/A"
"5012", "Johannesburg"
"5013", "N/A"
"5014", "ATP Masters 1000 Shanghai"
"5015", "N/A"
"5016", "Floridablanca"
"5017", "N/A"
"5018", "Burnie"
"5019", "N/A"
"5020", "N/A"
"5021", "N/A"
"5022", "N/A"
"5023", "N/A"
"5024", "N/A"
"5025", "N/A"
"5026", "N/A"
"5027", "N/A"
"5028", "N/A"
"5029", "N/A"
"5030", "N/A"
"5031", "N/A"
"5032", "N/A"
"5033", "N/A"
"5034", "N/A"
"5035", "N/A"
"5036", "N/A"
"5037", "N/A"
"5038", "N/A"
"5039", "N/A"
"5040", "N/A"
"5041", "N/A"
"5042", "N/A"
"5043", "Melbourne"
"5044", "N/A"
"5045", "Iquique"
"5046", "N/A"
"5047", "Bangkok 1"
"5048", "N/A"
"5049", "Caltanissetta"
"5050", "N/A"
"5051", "Khorat"
"5052", "N/A"
"5053", "Belgrade"
"5054", "N/A"
"5055", "Johannesburg"
"5056", "N/A"
"5057", "Rome 2"
"5058", "N/A"
"5059", "Curitiba"
"5060", "N/A"
"5061", "Rhodes"
"5062", "N/A"
"5063", "Pereira"
"5064", "N/A"
"5065", "Tenerife"
"5066", "N/A"
"5067", "Savannah"
"5068", "N/A"
"5069", "Sarasota"
"5070", "N/A"
"5071", "Carson-2"
"5072", "N/A"
"5073", "N/A"
"5074", "N/A"
"5075", "N/A"
"5076", "N/A"
"5077", "N/A"
"5078", "N/A"
"5079", "N/A"
"5080", "N/A"
"5081", "N/A"
"5082", "N/A"
"5083", "N/A"
"5084", "N/A"
"5085", "N/A"
"5086", "N/A"
"5087", "N/A"
"5088", "N/A"
"5089", "N/A"
"5090", "N/A"
"5091", "N/A"
"5092", "N/A"
"5093", "N/A"
"5094", "N/A"
"5095", "N/A"
"5096", "N/A"
"5097", "N/A"
"5098", "N/A"
"5099", "N/A"
"5100", "N/A"
"5101", "N/A"
"5102", "N/A"
"5103", "N/A"
"5104", "N/A"
"5105", "N/A"
"5106", "N/A"
"5107", "N/A"
"5108", "N/A"
"5109", "N/A"
"5110", "N/A"
"5111", "N/A"
"5112", "N/A"
"5113", "N/A"
"5114", "N/A"
"5115", "N/A"
"5116", "N/A"
"5117", "N/A"
"5118", "N/A"
"5119", "N/A"
"5120", "N/A"
"5121", "N/A"
"5122", "N/A"
"5123", "N/A"
"5124", "N/A"
"5125", "N/A"
"5126", "N/A"
"5127", "N/A"
"5128", "N/A"
"5129", "N/A"
"5130", "N/A"
"5131", "N/A"
"5132", "N/A"
"5133", "N/A"
"5134", "N/A"
"5135", "N/A"
"5136", "N/A"
"5137", "N/A"
"5138", "N/A"
"5139", "N/A"
"5140", "N/A"
"5141", "N/A"
"5142", "N/A"
"5143", "N/A"
"5144", "N/A"
"5145", "N/A"
"5146", "N/A"
"5147", "N/A"
"5148", "N/A"
"5149", "N/A"
"5150", "N/A"
"5151", "N/A"
"5152", "N/A"
"5153", "N/A"
"5154", "N/A"
"5155", "N/A"
"5156", "N/A"
"5157", "N/A"
"5158", "N/A"
"5159", "N/A"
"5160", "N/A"
"5161", "N/A"
"5162", "N/A"
"5163", "N/A"
"5164", "N/A"
"5165", "N/A"
"5166", "N/A"
"5167", "N/A"
"5168", "N/A"
"5169", "N/A"
"5170", "N/A"
"5171", "N/A"
"5172", "N/A"
"5173", "N/A"
"5174", "N/A"
"5175", "N/A"
"5176", "N/A"
"5177", "N/A"
"5178", "N/A"
"5179", "N/A"
"5180", "N/A"
"5181", "N/A"
"5182", "N/A"
"5183", "N/A"
"5184", "N/A"
"5185", "N/A"
"5186", "N/A"
"5187", "N/A"
"5188", "N/A"
"5189", "N/A"
"5190", "N/A"
"5191", "N/A"
"5192", "N/A"
"5193", "N/A"
"5194", "N/A"
"5195", "N/A"
"5196", "N/A"
"5197", "N/A"
"5198", "N/A"
"5199", "N/A"
"5200", "N/A"
"5201", "N/A"
"5202", "N/A"
"5203", "N/A"
"5204", "N/A"
"5205", "N/A"
"5206", "N/A"
"5207", "N/A"
"5208", "N/A"
"5209", "N/A"
"5210", "N/A"
"5211", "N/A"
"5212", "N/A"
"5213", "N/A"
"5214", "N/A"
"5215", "N/A"
"5216", "N/A"
"5217", "N/A"
"5218", "N/A"
"5219", "N/A"
"5220", "N/A"
"5221", "N/A"
"5222", "N/A"
"5223", "N/A"
"5224", "N/A"
"5225", "N/A"
"5226", "N/A"
"5227", "N/A"
"5228", "N/A"
"5229", "N/A"
"5230", "N/A"
"5231", "N/A"
"5232", "N/A"
"5233", "N/A"
"5234", "N/A"
"5235", "N/A"
"5236", "N/A"
"5237", "N/A"
"5238", "N/A"
"5239", "N/A"
"5240", "N/A"
"5241", "N/A"
"5242", "N/A"
"5243", "N/A"
"5244", "N/A"
"5245", "N/A"
"5246", "N/A"
"5247", "N/A"
"5248", "N/A"
"5249", "N/A"
"5250", "N/A"
"5251", "N/A"
"5252", "N/A"
"5253", "N/A"
"5254", "N/A"
"5255", "N/A"
"5256", "N/A"
"5257", "N/A"
"5258", "N/A"
"5259", "N/A"
"5260", "N/A"
"5261", "N/A"
"5262", "N/A"
"5263", "N/A"
"5264", "N/A"
"5265", "N/A"
"5266", "N/A"
"5267", "N/A"
"5268", "N/A"
"5269", "N/A"
"5270", "N/A"
"5271", "N/A"
"5272", "N/A"
"5273", "N/A"
"5274", "N/A"
"5275", "N/A"
"5276", "N/A"
"5277", "N/A"
"5278", "N/A"
"5279", "N/A"
"5280", "N/A"
"5281", "N/A"
"5282", "N/A"
"5283", "N/A"
"5284", "N/A"
"5285", "N/A"
"5286", "N/A"
"5287", "N/A"
"5288", "N/A"
"5289", "N/A"
"5290", "N/A"
"5291", "N/A"
"5292", "N/A"
"5293", "N/A"
"5294", "N/A"
"5295", "N/A"
"5296", "N/A"
"5297", "N/A"
"5298", "N/A"
"5299", "N/A"
"5300", "N/A"
"5301", "N/A"
"5302", "N/A"
"5303", "N/A"
"5304", "N/A"
"5305", "N/A"
"5306", "N/A"
"5307", "N/A"
"5308", "N/A"
"5309", "N/A"
"5310", "N/A"
"5311", "N/A"
"5312", "N/A"
"5313", "N/A"
"5314", "N/A"
"5315", "N/A"
"5316", "N/A"
"5317", "N/A"
"5318", "N/A"
"5319", "N/A"
"5320", "N/A"
"5321", "N/A"
"5322", "N/A"
"5323", "N/A"
"5324", "N/A"
"5325", "N/A"
"5326", "N/A"
"5327", "N/A"
"5328", "N/A"
"5329", "N/A"
"5330", "N/A"
"5331", "N/A"
"5332", "N/A"
"5333", "N/A"
"5334", "N/A"
"5335", "N/A"
"5336", "N/A"
"5337", "N/A"
"5338", "N/A"
"5339", "N/A"
"5340", "N/A"
"5341", "N/A"
"5342", "N/A"
"5343", "N/A"
"5344", "N/A"
"5345", "N/A"
"5346", "N/A"
"5347", "N/A"
"5348", "N/A"
"5349", "N/A"
"5350", "N/A"
"5351", "N/A"
"5352", "N/A"
"5353", "N/A"
"5354", "N/A"
"5355", "N/A"
"5356", "N/A"
"5357", "N/A"
"5358", "N/A"
"5359", "N/A"
"5360", "N/A"
"5361", "N/A"
"5362", "N/A"
"5363", "N/A"
"5364", "N/A"
"5365", "N/A"
"5366", "N/A"
"5367", "N/A"
"5368", "N/A"
"5369", "N/A"
"5370", "N/A"
"5371", "N/A"
"5372", "N/A"
"5373", "N/A"
"5374", "N/A"
"5375", "N/A"
"5376", "N/A"
"5377", "N/A"
"5378", "N/A"
"5379", "N/A"
"5380", "N/A"
"5381", "N/A"
"5382", "N/A"
"5383", "N/A"
"5384", "N/A"
"5385", "N/A"
"5386", "N/A"
"5387", "N/A"
"5388", "N/A"
"5389", "N/A"
"5390", "N/A"
"5391", "N/A"
"5392", "N/A"
"5393", "N/A"
"5394", "N/A"
"5395", "N/A"
"5396", "N/A"
"5397", "N/A"
"5398", "N/A"
"5399", "N/A"
"5400", "N/A"
"5401", "N/A"
"5402", "N/A"
"5403", "N/A"
"5404", "N/A"
"5405", "N/A"
"5406", "N/A"
"5407", "N/A"
"5408", "N/A"
"5409", "N/A"
"5410", "N/A"
"5411", "N/A"
"5412", "N/A"
"5413", "N/A"
"5414", "N/A"
"5415", "N/A"
"5416", "N/A"
"5417", "N/A"
"5418", "N/A"
"5419", "N/A"
"5420", "N/A"
"5421", "N/A"
"5422", "N/A"
"5423", "N/A"
"5424", "N/A"
"5425", "N/A"
"5426", "N/A"
"5427", "N/A"
"5428", "N/A"
"5429", "N/A"
"5430", "N/A"
"5431", "N/A"
"5432", "N/A"
"5433", "N/A"
"5434", "N/A"
"5435", "N/A"
"5436", "N/A"
"5437", "N/A"
"5438", "N/A"
"5439", "N/A"
"5440", "N/A"
"5441", "N/A"
"5442", "N/A"
"5443", "N/A"
"5444", "N/A"
"5445", "N/A"
"5446", "N/A"
"5447", "N/A"
"5448", "N/A"
"5449", "N/A"
"5450", "N/A"
"5451", "N/A"
"5452", "N/A"
"5453", "N/A"
"5454", "N/A"
"5455", "N/A"
"5456", "N/A"
"5457", "N/A"
"5458", "N/A"
"5459", "N/A"
"5460", "N/A"
"5461", "N/A"
"5462", "N/A"
"5463", "N/A"
"5464", "N/A"
"5465", "N/A"
"5466", "N/A"
"5467", "N/A"
"5468", "N/A"
"5469", "N/A"
"5470", "N/A"
"5471", "N/A"
"5472", "N/A"
"5473", "N/A"
"5474", "N/A"
"5475", "N/A"
"5476", "N/A"
"5477", "N/A"
"5478", "N/A"
"5479", "N/A"
"5480", "N/A"
"5481", "N/A"
"5482", "N/A"
"5483", "N/A"
"5484", "N/A"
"5485", "N/A"
"5486", "N/A"
"5487", "N/A"
"5488", "N/A"
"5489", "N/A"
"5490", "N/A"
"5491", "N/A"
"5492", "N/A"
"5493", "N/A"
"5494", "N/A"
"5495", "N/A"
"5496", "N/A"
"5497", "N/A"
"5498", "N/A"
"5499", "N/A"
"5500", "N/A"
"5501", "N/A"
"5502", "N/A"
"5503", "N/A"
"5504", "N/A"
"5505", "N/A"
"5506", "N/A"
"5507", "N/A"
"5508", "N/A"
"5509", "N/A"
"5510", "N/A"
"5511", "N/A"
"5512", "N/A"
"5513", "N/A"
"5514", "N/A"
"5515", "N/A"
"5516", "N/A"
"5517", "N/A"
"5518", "N/A"
"5519", "N/A"
"5520", "N/A"
"5521", "N/A"
"5522", "N/A"
"5523", "N/A"
"5524", "N/A"
"5525", "N/A"
"5526", "N/A"
"5527", "N/A"
"5528", "N/A"
"5529", "N/A"
"5530", "N/A"
"5531", "N/A"
"5532", "N/A"
"5533", "N/A"
"5534", "N/A"
"5535", "N/A"
"5536", "N/A"
"5537", "N/A"
"5538", "N/A"
"5539", "N/A"
"5540", "N/A"
"5541", "N/A"
"5542", "N/A"
"5543", "N/A"
"5544", "N/A"
"5545", "N/A"
"5546", "N/A"
"5547", "N/A"
"5548", "N/A"
"5549", "N/A"
"5550", "N/A"
"5551", "N/A"
"5552", "N/A"
"5553", "N/A"
"5554", "N/A"
"5555", "N/A"
"5556", "N/A"
"5557", "N/A"
"5558", "N/A"
"5559", "N/A"
"5560", "N/A"
"5561", "N/A"
"5562", "N/A"
"5563", "N/A"
"5564", "N/A"
"5565", "N/A"
"5566", "N/A"
"5567", "N/A"
"5568", "N/A"
"5569", "N/A"
"5570", "N/A"
"5571", "N/A"
"5572", "N/A"
"5573", "N/A"
"5574", "N/A"
"5575", "N/A"
"5576", "N/A"
"5577", "N/A"
"5578", "N/A"
"5579", "N/A"
"5580", "N/A"
"5581", "N/A"
"5582", "N/A"
"5583", "N/A"
"5584", "N/A"
"5585", "N/A"
"5586", "N/A"
"5587", "N/A"
"5588", "N/A"
"5589", "N/A"
"5590", "N/A"
"5591", "N/A"
"5592", "N/A"
"5593", "N/A"
"5594", "N/A"
"5595", "N/A"
"5596", "N/A"
"5597", "N/A"
"5598", "N/A"
"5599", "N/A"
"5600", "N/A"
"5601", "N/A"
"5602", "N/A"
"5603", "N/A"
"5604", "N/A"
"5605", "N/A"
"5606", "N/A"
"5607", "N/A"
"5608", "N/A"
"5609", "N/A"
"5610", "N/A"
"5611", "N/A"
"5612", "N/A"
"5613", "N/A"
"5614", "N/A"
"5615", "N/A"
"5616", "N/A"
"5617", "N/A"
"5618", "N/A"
"5619", "N/A"
"5620", "N/A"
"5621", "N/A"
"5622", "N/A"
"5623", "N/A"
"5624", "N/A"
"5625", "N/A"
"5626", "N/A"
"5627", "N/A"
"5628", "N/A"
"5629", "N/A"
"5630", "N/A"
"5631", "N/A"
"5632", "N/A"
"5633", "N/A"
"5634", "N/A"
"5635", "N/A"
"5636", "N/A"
"5637", "N/A"
"5638", "N/A"
"5639", "N/A"
"5640", "N/A"
"5641", "N/A"
"5642", "N/A"
"5643", "N/A"
"5644", "N/A"
"5645", "N/A"
"5646", "N/A"
"5647", "N/A"
"5648", "N/A"
"5649", "N/A"
"5650", "N/A"
"5651", "N/A"
"5652", "N/A"
"5653", "N/A"
"5654", "N/A"
"5655", "N/A"
"5656", "N/A"
"5657", "N/A"
"5658", "N/A"
"5659", "N/A"
"5660", "N/A"
"5661", "N/A"
"5662", "N/A"
"5663", "N/A"
"5664", "N/A"
"5665", "N/A"
"5666", "N/A"
"5667", "N/A"
"5668", "N/A"
"5669", "N/A"
"5670", "N/A"
"5671", "N/A"
"5672", "N/A"
"5673", "N/A"
"5674", "N/A"
"5675", "N/A"
"5676", "N/A"
"5677", "N/A"
"5678", "N/A"
"5679", "N/A"
"5680", "N/A"
"5681", "N/A"
"5682", "N/A"
"5683", "N/A"
"5684", "N/A"
"5685", "N/A"
"5686", "N/A"
"5687", "N/A"
"5688", "N/A"
"5689", "N/A"
"5690", "N/A"
"5691", "N/A"
"5692", "N/A"
"5693", "N/A"
"5694", "N/A"
"5695", "N/A"
"5696", "N/A"
"5697", "N/A"
"5698", "N/A"
"5699", "N/A"
"5700", "N/A"
"5701", "N/A"
"5702", "N/A"
"5703", "N/A"
"5704", "N/A"
"5705", "N/A"
"5706", "N/A"
"5707", "N/A"
"5708", "N/A"
"5709", "N/A"
"5710", "N/A"
"5711", "N/A"
"5712", "N/A"
"5713", "N/A"
"5714", "N/A"
"5715", "N/A"
"5716", "N/A"
"5717", "N/A"
"5718", "N/A"
"5719", "N/A"
"5720", "N/A"
"5721", "N/A"
"5722", "N/A"
"5723", "N/A"
"5724", "N/A"
"5725", "N/A"
"5726", "N/A"
"5727", "N/A"
"5728", "N/A"
"5729", "N/A"
"5730", "N/A"
"5731", "N/A"
"5732", "N/A"
"5733", "N/A"
"5734", "N/A"
"5735", "N/A"
"5736", "N/A"
"5737", "N/A"
"5738", "N/A"
"5739", "N/A"
"5740", "N/A"
"5741", "N/A"
"5742", "N/A"
"5743", "N/A"
"5744", "N/A"
"5745", "N/A"
"5746", "N/A"
"5747", "N/A"
"5748", "N/A"
"5749", "N/A"
"5750", "N/A"
"5751", "N/A"
"5752", "N/A"
"5753", "N/A"
"5754", "N/A"
"5755", "N/A"
"5756", "N/A"
"5757", "N/A"
"5758", "N/A"
"5759", "N/A"
"5760", "N/A"
"5761", "N/A"
"5762", "N/A"
"5763", "N/A"
"5764", "N/A"
"5765", "N/A"
"5766", "N/A"
"5767", "N/A"
"5768", "N/A"
"5769", "N/A"
"5770", "N/A"
"5771", "N/A"
"5772", "N/A"
"5773", "N/A"
"5774", "N/A"
"5775", "N/A"
"5776", "N/A"
"5777", "N/A"
"5778", "N/A"
"5779", "N/A"
"5780", "N/A"
"5781", "N/A"
"5782", "N/A"
"5783", "N/A"
"5784", "N/A"
"5785", "N/A"
"5786", "N/A"
"5787", "N/A"
"5788", "N/A"
"5789", "N/A"
"5790", "N/A"
"5791", "N/A"
"5792", "N/A"
"5793", "N/A"
"5794", "N/A"
"5795", "N/A"
"5796", "N/A"
"5797", "N/A"
"5798", "N/A"
"5799", "N/A"
"5800", "N/A"
"5801", "N/A"
"5802", "N/A"
"5803", "N/A"
"5804", "N/A"
"5805", "N/A"
"5806", "N/A"
"5807", "N/A"
"5808", "N/A"
"5809", "N/A"
"5810", "N/A"
"5811", "N/A"
"5812", "N/A"
"5813", "N/A"
"5814", "N/A"
"5815", "N/A"
"5816", "N/A"
"5817", "N/A"
"5818", "N/A"
"5819", "N/A"
"5820", "N/A"
"5821", "N/A"
"5822", "N/A"
"5823", "N/A"
"5824", "N/A"
"5825", "N/A"
"5826", "N/A"
"5827", "N/A"
"5828", "N/A"
"5829", "N/A"
"5830", "N/A"
"5831", "N/A"
"5832", "N/A"
"5833", "N/A"
"5834", "N/A"
"5835", "N/A"
"5836", "N/A"
"5837", "N/A"
"5838", "N/A"
"5839", "N/A"
"5840", "N/A"
"5841", "N/A"
"5842", "N/A"
"5843", "N/A"
"5844", "N/A"
"5845", "N/A"
"5846", "N/A"
"5847", "N/A"
"5848", "N/A"
"5849", "N/A"
"5850", "N/A"
"5851", "N/A"
"5852", "N/A"
"5853", "N/A"
"5854", "N/A"
"5855", "N/A"
"5856", "N/A"
"5857", "N/A"
"5858", "N/A"
"5859", "N/A"
"5860", "N/A"
"5861", "N/A"
"5862", "N/A"
"5863", "N/A"
"5864", "N/A"
"5865", "N/A"
"5866", "N/A"
"5867", "N/A"
"5868", "N/A"
"5869", "N/A"
"5870", "N/A"
"5871", "N/A"
"5872", "N/A"
"5873", "N/A"
"5874", "N/A"
"5875", "N/A"
"5876", "N/A"
"5877", "N/A"
"5878", "N/A"
"5879", "N/A"
"5880", "N/A"
"5881", "N/A"
"5882", "N/A"
"5883", "N/A"
"5884", "N/A"
"5885", "N/A"
"5886", "N/A"
"5887", "N/A"
"5888", "N/A"
"5889", "N/A"
"5890", "N/A"
"5891", "N/A"
"5892", "N/A"
"5893", "N/A"
"5894", "N/A"
"5895", "N/A"
"5896", "N/A"
"5897", "N/A"
"5898", "N/A"
"5899", "N/A"
"5900", "N/A"
"5901", "N/A"
"5902", "N/A"
"5903", "N/A"
"5904", "N/A"
"5905", "N/A"
"5906", "N/A"
"5907", "N/A"
"5908", "N/A"
"5909", "N/A"
"5910", "N/A"
"5911", "N/A"
"5912", "N/A"
"5913", "N/A"
"5914", "N/A"
"5915", "N/A"
"5916", "N/A"
"5917", "N/A"
"5918", "N/A"
"5919", "N/A"
"5920", "N/A"
"5921", "N/A"
"5922", "N/A"
"5923", "N/A"
"5924", "N/A"
"5925", "N/A"
"5926", "N/A"
"5927", "N/A"
"5928", "N/A"
"5929", "N/A"
"5930", "N/A"
"5931", "N/A"
"5932", "N/A"
"5933", "N/A"
"5934", "N/A"
"5935", "N/A"
"5936", "N/A"
"5937", "N/A"
"5938", "N/A"
"5939", "N/A"
"5940", "N/A"
"5941", "N/A"
"5942", "N/A"
"5943", "N/A"
"5944", "N/A"
"5945", "N/A"
"5946", "N/A"
"5947", "N/A"
"5948", "N/A"
"5949", "N/A"
"5950", "N/A"
"5951", "N/A"
"5952", "N/A"
"5953", "N/A"
"5954", "N/A"
"5955", "N/A"
"5956", "N/A"
"5957", "N/A"
"5958", "N/A"
"5959", "N/A"
"5960", "N/A"
"5961", "N/A"
"5962", "N/A"
"5963", "N/A"
"5964", "N/A"
"5965", "N/A"
"5966", "N/A"
"5967", "N/A"
"5968", "N/A"
"5969", "N/A"
"5970", "N/A"
"5971", "N/A"
"5972", "N/A"
"5973", "N/A"
"5974", "N/A"
"5975", "N/A"
"5976", "N/A"
"5977", "N/A"
"5978", "N/A"
"5979", "N/A"
"5980", "N/A"
"5981", "N/A"
"5982", "N/A"
"5983", "N/A"
"5984", "N/A"
"5985", "N/A"
"5986", "N/A"
"5987", "N/A"
"5988", "N/A"
"5989", "N/A"
"5990", "N/A"
"5991", "N/A"
"5992", "N/A"
"5993", "N/A"
"5994", "N/A"
"5995", "N/A"
"5996", "N/A"
"5997", "N/A"
"5998", "N/A"
"5999", "N/A"
"6000", "N/A"
"6001", "Orbetello"
"6002", "N/A"
"6003", "Kuala Lumpur"
"6004", "N/A"
"6005", "N/A"
"6006", "Brasilia-2"
"6007", "N/A"
"6008", "N/A"
"6009", "N/A"
"6010", "N/A"
"6011", "N/A"
"6012", "N/A"
"6013", "N/A"
"6014", "St. Remy"
"6015", "N/A"
"6016", "Palermo"
"6017", "N/A"
"6018", "N/A"
"6019", "N/A"
"6020", "N/A"
"6021", "N/A"
"6022", "N/A"
"6023", "N/A"
"6024", "N/A"
"6025", "N/A"
"6026", "N/A"
"6027", "N/A"
"6028", "N/A"
"6029", "N/A"
"6030", "N/A"
"6031", "N/A"
"6032", "N/A"
"6033", "N/A"
"6034", "N/A"
"6035", "N/A"
"6036", "N/A"
"6037", "N/A"
"6038", "N/A"
"6039", "N/A"
"6040", "N/A"
"6041", "N/A"
"6042", "N/A"
"6043", "N/A"
"6044", "N/A"
"6045", "N/A"
"6046", "N/A"
"6047", "N/A"
"6048", "N/A"
"6049", "N/A"
"6050", "Madrid"
"6051", "N/A"
"6052", "N/A"
"6053", "Chuncheon"
"6054", "N/A"
"6055", "Charlottesville"
"6056", "N/A"
"6057", "Jersey-2"
"6058", "N/A"
"6059", "Salzburg"
"6060", "N/A"
"6061", "Khanty-Mansiysk"
"6062", "N/A"
"6063", "N/A"
"6064", "N/A"
"6065", "N/A"
"6066", "Sao Paulo-2"
"6067", "N/A"
"6068", "Santiago-2"
"6069", "N/A"
"6070", "N/A"
"6071", "N/A"
"6072", "N/A"
"6073", "N/A"
"6074", "N/A"
"6075", "N/A"
"6076", "N/A"
"6077", "N/A"
"6078", "N/A"
"6079", "N/A"
"6080", "N/A"
"6081", "N/A"
"6082", "N/A"
"6083", "N/A"
"6084", "N/A"
"6085", "N/A"
"6086", "N/A"
"6087", "N/A"
"6088", "N/A"
"6089", "N/A"
"6090", "N/A"
"6091", "N/A"
"6092", "N/A"
"6093", "N/A"
"6094", "N/A"
"6095", "N/A"
"6096", "N/A"
"6097", "N/A"
"6098", "N/A"
"6099", "N/A"
"6100", "N/A"
"6101", "N/A"
"6102", "N/A"
"6103", "N/A"
"6104", "N/A"
"6105", "N/A"
"6106", "N/A"
"6107", "N/A"
"6108", "N/A"
"6109", "N/A"
"6110", "N/A"
"6111", "N/A"
"6112", "Honolulu"
"6113", "N/A"
"6114", "Kazan"
"6115", "N/A"
"6116", "Atlanta"
"6117", "N/A"
"6118", "N/A"
"6119", "N/A"
"6120", "Nice"
"6121", "N/A"
"6122", "N/A"
"6123", "Cairo"
"6124", "N/A"
"6125", "Biella"
"6126", "N/A"
"6127", "Rome-3"
"6128", "N/A"
"6129", "N/A"
"6130", "N/A"
"6131", "N/A"
"6132", "N/A"
"6133", "N/A"
"6134", "N/A"
"6135", "N/A"
"6136", "N/A"
"6137", "N/A"
"6138", "N/A"
"6139", "N/A"
"6140", "N/A"
"6141", "N/A"
"6142", "N/A"
"6143", "N/A"
"6144", "N/A"
"6145", "N/A"
"6146", "N/A"
"6147", "N/A"
"6148", "N/A"
"6149", "N/A"
"6150", "N/A"
"6151", "N/A"
"6152", "N/A"
"6153", "N/A"
"6154", "N/A"
"6155", "N/A"
"6156", "Marburg"
"6157", "N/A"
"6158", "Sopot"
"6159", "N/A"
"6160", "N/A"
"6161", "N/A"
"6162", "N/A"
"6163", "N/A"
"6164", "N/A"
"6165", "N/A"
"6166", "N/A"
"6167", "Beijing"
"6168", "N/A"
"6169", "Kitzbuhel"
"6170", "N/A"
"6171", "Brasilia"
"6172", "N/A"
"6173", "Salvador"
"6174", "N/A"
"6175", "N/A"
"6176", "N/A"
"6177", "N/A"
"6178", "N/A"
"6179", "N/A"
"6180", "N/A"
"6181", "N/A"
"6182", "N/A"
"6183", "N/A"
"6184", "N/A"
"6185", "N/A"
"6186", "N/A"
"6187", "N/A"
"6188", "N/A"
"6189", "N/A"
"6190", "N/A"
"6191", "N/A"
"6192", "N/A"
"6193", "N/A"
"6194", "N/A"
"6195", "Belo Horizonte-2"
"6196", "N/A"
"6197", "Bangkok-2"
"6198", "N/A"
"6199", "San Jose"
"6200", "N/A"
"6201", "N/A"
"6202", "Astana-2"
"6203", "N/A"
"6204", "Ortisei"
"6205", "N/A"
"6206", "Loughborough"
"6207", "N/A"
"6208", "Buenos Aires-2"
"6209", "N/A"
"6210", "N/A"
"6211", "N/A"
"6212", "N/A"
"6213", "N/A"
"6214", "N/A"
"6215", "N/A"
"6216", "N/A"
"6217", "N/A"
"6218", "N/A"
"6219", "N/A"
"6220", "N/A"
"6221", "N/A"
"6222", "N/A"
"6223", "N/A"
"6224", "N/A"
"6225", "N/A"
"6226", "N/A"
"6227", "N/A"
"6228", "N/A"
"6229", "N/A"
"6230", "N/A"
"6231", "N/A"
"6232", "Singapore"
"6233", "N/A"
"6234", "Courmayeur"
"6235", "N/A"
"6236", "Reunion Island"
"6237", "N/A"
"6238", "N/A"
"6239", "Quimper"
"6240", "N/A"
"6241", "N/A"
"6242", "Winston-Salem"
"6243", "N/A"
"6244", "Le Gosier"
"6245", "N/A"
"6246", "Bath"
"6247", "N/A"
"6248", "Pingguo"
"6249", "N/A"
"6250", "Barranquilla"
"6251", "N/A"
"6252", "N/A"
"6253", "N/A"
"6254", "Recife"
"6255", "N/A"
"6256", "Santos"
"6257", "N/A"
"6258", "N/A"
"6259", "N/A"
"6260", "N/A"
"6261", "N/A"
"6262", "N/A"
"6263", "N/A"
"6264", "N/A"
"6265", "N/A"
"6266", "N/A"
"6267", "N/A"
"6268", "N/A"
"6269", "N/A"
"6270", "N/A"
"6271", "N/A"
"6272", "N/A"
"6273", "N/A"
"6274", "N/A"
"6275", "N/A"
"6276", "N/A"
"6277", "N/A"
"6278", "N/A"
"6279", "N/A"
"6280", "N/A"
"6281", "N/A"
"6282", "N/A"
"6283", "N/A"
"6284", "Guadalajara"
"6285", "N/A"
"6286", "Nottingham-2"
"6287", "N/A"
"6288", "N/A"
"6289", "N/A"
"6290", "Dortmund"
"6291", "N/A"
"6292", "N/A"
"6293", "N/A"
"6294", "N/A"
"6295", "N/A"
"6296", "N/A"
"6297", "N/A"
"6298", "N/A"
"6299", "N/A"
"6300", "Wuhai"
"6301", "N/A"
"6302", "N/A"
"6303", "N/A"
"6304", "N/A"
"6305", "Ningbo"
"6306", "N/A"
"6307", "Campinas"
"6308", "N/A"
"6309", "Aguascalientes"
"6310", "N/A"
"6311", "Recife 2"
"6312", "N/A"
"6313", "Shanghai"
"6314", "N/A"
"6315", "N/A"
"6316", "N/A"
"6317", "N/A"
"6318", "N/A"
"6319", "N/A"
"6320", "N/A"
"6321", "N/A"
"6322", "N/A"
"6323", "N/A"
"6324", "N/A"
"6325", "N/A"
"6326", "N/A"
"6327", "N/A"
"6328", "N/A"
"6329", "N/A"
"6330", "N/A"
"6331", "N/A"
"6332", "N/A"
"6333", "N/A"
"6334", "N/A"
"6335", "N/A"
"6336", "N/A"
"6337", "N/A"
"6338", "N/A"
"6339", "N/A"
"6340", "N/A"
"6341", "N/A"
"6342", "Sao Jose Do Rio Preto"
"6343", "N/A"
"6344", "Sao Leopoldo"
"6345", "N/A"
"6346", "N/A"
"6347", "N/A"
"6348", "N/A"
"6349", "N/A"
"6350", "N/A"
"6351", "N/A"
"6352", "N/A"
"6353", "N/A"
"6354", "N/A"
"6355", "N/A"
"6356", "N/A"
"6357", "N/A"
"6358", "N/A"
"6359", "N/A"
"6360", "N/A"
"6361", "N/A"
"6362", "N/A"
"6363", "N/A"
"6364", "N/A"
"6365", "N/A"
"6366", "N/A"
"6367", "N/A"
"6368", "N/A"
"6369", "N/A"
"6370", "N/A"
"6371", "N/A"
"6372", "N/A"
"6373", "N/A"
"6374", "N/A"
"6375", "N/A"
"6376", "N/A"
"6377", "N/A"
"6378", "N/A"
"6379", "N/A"
"6380", "N/A"
"6381", "N/A"
"6382", "N/A"
"6383", "N/A"
"6384", "N/A"
"6385", "N/A"
"6386", "N/A"
"6387", "N/A"
"6388", "N/A"
"6389", "N/A"
"6390", "N/A"
"6391", "N/A"
"6392", "N/A"
"6393", "N/A"
"6394", "N/A"
"6395", "N/A"
"6396", "N/A"
"6397", "N/A"
"6398", "N/A"
"6399", "N/A"
"6400", "N/A"
"6401", "N/A"
"6402", "N/A"
"6403", "N/A"
"6404", "N/A"
"6405", "N/A"
"6406", "ATP Challenger Tour Finals"
"6407", "N/A"
"6408", "N/A"
"6409", "N/A"
"6410", "N/A"
"6411", "N/A"
"6412", "N/A"
"6413", "N/A"
"6414", "N/A"
"6415", "N/A"
"6416", "N/A"
"6417", "N/A"
"6418", "N/A"
"6419", "N/A"
"6420", "N/A"
"6421", "N/A"
"6422", "N/A"
"6423", "N/A"
"6424", "N/A"
"6425", "N/A"
"6426", "N/A"
"6427", "N/A"
"6428", "N/A"
"6429", "N/A"
"6430", "N/A"
"6431", "N/A"
"6432", "N/A"
"6433", "N/A"
"6434", "N/A"
"6435", "N/A"
"6436", "N/A"
"6437", "N/A"
"6438", "N/A"
"6439", "N/A"
"6440", "N/A"
"6441", "N/A"
"6442", "N/A"
"6443", "N/A"
"6444", "N/A"
"6445", "N/A"
"6446", "N/A"
"6447", "N/A"
"6448", "N/A"
"6449", "N/A"
"6450", "N/A"
"6451", "N/A"
"6452", "N/A"
"6453", "N/A"
"6454", "N/A"
"6455", "N/A"
"6456", "N/A"
"6457", "N/A"
"6458", "N/A"
"6459", "N/A"
"6460", "N/A"
"6461", "N/A"
"6462", "N/A"
"6463", "N/A"
"6464", "N/A"
"6465", "N/A"
"6466", "N/A"
"6467", "N/A"
"6468", "N/A"
"6469", "N/A"
"6470", "N/A"
"6471", "N/A"
"6472", "N/A"
"6473", "N/A"
"6474", "N/A"
"6475", "N/A"
"6476", "N/A"
"6477", "N/A"
"6478", "N/A"
"6479", "Florianopolis"
"6480", "N/A"
"6481", "N/A"
"6482", "N/A"
"6483", "N/A"
"6484", "N/A"
"6485", "N/A"
"6486", "Dallas 2"
"6487", "N/A"
"6488", "Mersin"
"6489", "N/A"
"6490", "Kaohsiung"
"6491", "N/A"
"6492", "Sao Paulo"
"6493", "N/A"
"6494", "N/A"
"6495", "N/A"
"6496", "N/A"
"6497", "N/A"
"6498", "N/A"
"6499", "N/A"
"6500", "N/A"
"6501", "N/A"
"6502", "N/A"
"6503", "N/A"
"6504", "N/A"
"6505", "N/A"
"6506", "N/A"
"6507", "N/A"
"6508", "N/A"
"6509", "N/A"
"6510", "N/A"
"6511", "N/A"
"6512", "N/A"
"6513", "N/A"
"6514", "N/A"
"6515", "N/A"
"6516", "N/A"
"6517", "N/A"
"6518", "N/A"
"6519", "N/A"
"6520", "N/A"
"6521", "N/A"
"6522", "N/A"
"6523", "N/A"
"6524", "N/A"
"6525", "N/A"
"6526", "N/A"
"6527", "N/A"
"6528", "N/A"
"6529", "N/A"
"6530", "N/A"
"6531", "N/A"
"6532", "Rio Quente"
"6533", "N/A"
"6534", "N/A"
"6535", "N/A"
"6536", "N/A"
"6537", "N/A"
"6538", "N/A"
"6539", "N/A"
"6540", "N/A"
"6541", "N/A"
"6542", "N/A"
"6543", "N/A"
"6544", "N/A"
"6545", "N/A"
"6546", "N/A"
"6547", "N/A"
"6548", "N/A"
"6549", "N/A"
"6550", "N/A"
"6551", "N/A"
"6552", "N/A"
"6553", "N/A"
"6554", "N/A"
"6555", "N/A"
"6556", "N/A"
"6557", "N/A"
"6558", "N/A"
"6559", "N/A"
"6560", "N/A"
"6561", "N/A"
"6562", "N/A"
"6563", "N/A"
"6564", "Arad"
"6565", "N/A"
"6566", "Panama City"
"6567", "N/A"
"6568", "N/A"
"6569", "N/A"
"6570", "N/A"
"6571", "N/A"
"6572", "N/A"
"6573", "N/A"
"6574", "N/A"
"6575", "N/A"
"6576", "Wuhan"
"6577", "N/A"
"6578", "N/A"
"6579", "Lima"
"6580", "N/A"
"6581", "N/A"
"6582", "N/A"
"6583", "N/A"
"6584", "N/A"
"6585", "N/A"
"6586", "N/A"
"6587", "N/A"
"6588", "N/A"
"6589", "N/A"
"6590", "Sibiu"
"6591", "N/A"
"6592", "N/A"
"6593", "N/A"
"6594", "N/A"
"6595", "N/A"
"6596", "N/A"
"6597", "N/A"
"6598", "N/A"
"6599", "N/A"
"6600", "N/A"
"6601", "N/A"
"6602", "N/A"
"6603", "N/A"
"6604", "N/A"
"6605", "N/A"
"6606", "N/A"
"6607", "N/A"
"6608", "N/A"
"6609", "N/A"
"6610", "N/A"
"6611", "N/A"
"6612", "N/A"
"6613", "N/A"
"6614", "N/A"
"6615", "N/A"
"6616", "N/A"
"6617", "N/A"
"6618", "Rio de Janeiro"
"6619", "N/A"
"6620", "N/A"
"6621", "N/A"
"6622", "N/A"
"6623", "N/A"
"6624", "N/A"
"6625", "N/A"
"6626", "Yokohama"
"6627", "N/A"
"6628", "N/A"
"6629", "N/A"
"6630", "Tyumen"
"6631", "N/A"
"6632", "N/A"
"6633", "N/A"
"6634", "N/A"
"6635", "N/A"
"6636", "N/A"
"6637", "N/A"
"6638", "N/A"
"6639", "N/A"
"6640", "N/A"
"6641", "N/A"
"6642", "N/A"
"6643", "N/A"
"6644", "N/A"
"6645", "N/A"
"6646", "N/A"
"6647", "N/A"
"6648", "N/A"
"6649", "N/A"
"6650", "N/A"
"6651", "N/A"
"6652", "N/A"
"6653", "N/A"
"6654", "N/A"
"6655", "N/A"
"6656", "N/A"
"6657", "N/A"
"6658", "N/A"
"6659", "N/A"
"6660", "N/A"
"6661", "N/A"
"6662", "N/A"
"6663", "N/A"
"6664", "N/A"
"6665", "N/A"
"6666", "N/A"
"6667", "N/A"
"6668", "N/A"
"6669", "N/A"
"6670", "N/A"
"6671", "N/A"
"6672", "N/A"
"6673", "N/A"
"6674", "N/A"
"6675", "N/A"
"6676", "N/A"
"6677", "N/A"
"6678", "N/A"
"6679", "N/A"
"6680", "N/A"
"6681", "N/A"
"6682", "N/A"
"6683", "N/A"
"6684", "N/A"
"6685", "N/A"
"6686", "N/A"
"6687", "N/A"
"6688", "N/A"
"6689", "N/A"
"6690", "N/A"
"6691", "N/A"
"6692", "N/A"
"6693", "N/A"
"6694", "N/A"
"6695", "N/A"
"6696", "N/A"
"6697", "N/A"
"6698", "N/A"
"6699", "N/A"
"6700", "N/A"
"6701", "N/A"
"6702", "N/A"
"6703", "N/A"
"6704", "N/A"
"6705", "N/A"
"6706", "N/A"
"6707", "N/A"
"6708", "Maui"
"6709", "N/A"
"6710", "Dusseldorf"
"6711", "N/A"
"6712", "N/A"
"6713", "N/A"
"6714", "West Lakes"
"6715", "N/A"
"6716", "N/A"
"6717", "N/A"
"6718", "Bogota"
"6719", "N/A"
"6720", "Sydney1"
"6721", "N/A"
"6722", "Johannesburg"
"6723", "N/A"
"6724", "Mexico City"
"6725", "N/A"
"6726", "Kun-Ming"
"6727", "N/A"
"6728", "N/A"
"6729", "N/A"
"6730", "N/A"
"6731", "N/A"
"6732", "N/A"
"6733", "N/A"
"6734", "N/A"
"6735", "N/A"
"6736", "N/A"
"6737", "N/A"
"6738", "N/A"
"6739", "N/A"
"6740", "N/A"
"6741", "N/A"
"6742", "N/A"
"6743", "N/A"
"6744", "N/A"
"6745", "N/A"
"6746", "N/A"
"6747", "N/A"
"6748", "N/A"
"6749", "N/A"
"6750", "N/A"
"6751", "N/A"
"6752", "N/A"
"6753", "N/A"
"6754", "N/A"
"6755", "N/A"
"6756", "N/A"
"6757", "Blois"
"6758", "N/A"
"6759", "Tanger"
"6760", "N/A"
"6761", "N/A"
"6762", "N/A"
"6763", "N/A"
"6764", "N/A"
"6765", "N/A"
"6766", "N/A"
"6767", "N/A"
"6768", "N/A"
"6769", "N/A"
"6770", "N/A"
"6771", "N/A"
"6772", "N/A"
"6773", "N/A"
"6774", "N/A"
"6775", "N/A"
"6776", "N/A"
"6777", "N/A"
"6778", "N/A"
"6779", "N/A"
"6780", "N/A"
"6781", "N/A"
"6782", "N/A"
"6783", "N/A"
"6784", "N/A"
"6785", "N/A"
"6786", "N/A"
"6787", "Portoroz"
"6788", "N/A"
"6789", "N/A"
"6790", "N/A"
"6791", "Eskisehir"
"6792", "N/A"
"6793", "Guimaraes"
"6794", "N/A"
"6795", "Liberec"
"6796", "N/A"
"6797", "N/A"
"6798", "N/A"
"6799", "N/A"
"6800", "N/A"
"6801", "N/A"
"6802", "N/A"
"6803", "N/A"
"6804", "N/A"
"6805", "N/A"
"6806", "N/A"
"6807", "Sao Paulo 3"
"6808", "N/A"
"6809", "Meerbusch"
"6810", "N/A"
"6811", "Los Angeles WCT"
"6812", "Wembley 1"
"6813", "N/A"
"6814", "N/A"
"6815", "South African Open"
"6816", "Corpus Christi WCT"
"6817", "San Juan"
"6818", "St. Petersburg"
"6819", "N/A"
"6820", "N/A"
"6821", "N/A"
"6822", "N/A"
"6823", "N/A"
"6824", "N/A"
"6825", "N/A"
"6826", "N/A"
"6827", "N/A"
"6828", "N/A"
"6829", "Nottingham 2"
"6830", "Hoylake"
"6831", "Leicester"
"6832", "Midland WCT"
"6833", "Tucson WCT"
"6834", "Senigallia"
"6835", "Washington Indoor"
"6836", "Lakeway"
"6837", "Istanbul 2"
"6838", "N/A"
"6839", "Kenitra"
"6840", "N/A"
"6841", "Napa"
"6842", "N/A"
"6843", "N/A"
"6844", "N/A"
"6845", "N/A"
"6846", "N/A"
"6847", "N/A"
"6848", "N/A"
"6849", "N/A"
"6850", "N/A"
"6851", "N/A"
"6852", "N/A"
"6853", "N/A"
"6854", "N/A"
"6855", "N/A"
"6856", "N/A"
"6857", "Mouilleron le Captif"
"6858", "N/A"
"6859", "N/A"
"6860", "N/A"
"6861", "Kazan 2"
"6862", "N/A"
"6863", "Melbourne"
"6864", "N/A"
"6865", "Traralgon"
"6866", "N/A"
"6867", "Sao Paulo 4"
"6868", "N/A"
"6869", "N/A"
"6870", "N/A"
"6871", "N/A"
"6872", "N/A"
"6873", "N/A"
"6874", "N/A"
"6875", "N/A"
"6876", "N/A"
"6877", "N/A"
"6878", "N/A"
"6879", "N/A"
"6880", "Dorado Beach"
"6881", "Yeongwol"
"6882", "N/A"
"6883", "N/A"
"6884", "N/A"
"6885", "N/A"
"6886", "N/A"
"6887", "N/A"
"6888", "N/A"
"6889", "N/A"
"6890", "N/A"
"6891", "N/A"
"6892", "N/A"
"6893", "N/A"
"6894", "N/A"
"6895", "N/A"
"6896", "N/A"
"6897", "N/A"
"6898", "N/A"
"6899", "N/A"
"6900", "N/A"
"6901", "N/A"
"6902", "N/A"
"6903", "N/A"
"6904", "N/A"
"6905", "N/A"
"6906", "N/A"
"6907", "N/A"
"6908", "N/A"
"6909", "N/A"
"6910", "N/A"
"6911", "Bari"
"6912", "N/A"
"6913", "N/A"
"6914", "N/A"
"6915", "N/A"
"6916", "N/A"
"6917", "N/A"
"6918", "N/A"
"6919", "N/A"
"6920", "N/A"
"6921", "N/A"
"6922", "N/A"
"6923", "N/A"
"6924", "N/A"
"6925", "N/A"
"6926", "N/A"
"6927", "N/A"
"6928", "N/A"
"6929", "N/A"
"6930", "N/A"
"6931", "N/A"
"6932", "Rio de Janeiro"
"6933", "N/A"
"6934", "N/A"
"6935", "N/A"
"6936", "N/A"
"6937", "N/A"
"6938", "N/A"
"6939", "N/A"
"6940", "N/A"
"6941", "N/A"
"6942", "N/A"
"6943", "N/A"
"6944", "N/A"
"6945", "Charleston"
"6946", "Chitre"
"6947", "N/A"
"6948", "N/A"
"6949", "N/A"
"6950", "N/A"
"6951", "N/A"
"6952", "N/A"
"6953", "N/A"
"6954", "N/A"
"6955", "N/A"
"6956", "N/A"
"6957", "Chennai"
"6958", "N/A"
"6959", "Kolkata"
"6960", "N/A"
"6961", "New Delhi"
"6962", "N/A"
"6963", "Morelos"
"6964", "N/A"
"6965", "Guangzhou"
"6966", "N/A"
"6967", "Shenzhen"
"6968", "N/A"
"6969", "N/A"
"6970", "N/A"
"6971", "N/A"
"6972", "N/A"
"6973", "N/A"
"6974", "N/A"
"6975", "N/A"
"6976", "N/A"
"6977", "N/A"
"6978", "N/A"
"6979", "N/A"
"6980", "N/A"
"6981", "N/A"
"6982", "N/A"
"6983", "N/A"
"6984", "N/A"
"6985", "N/A"
"6986", "N/A"
"6987", "N/A"
"6988", "N/A"
"6989", "N/A"
"6990", "N/A"
"6991", "N/A"
"6992", "N/A"
"6993", "N/A"
"6994", "N/A"
"6995", "N/A"
"6996", "N/A"
"6997", "N/A"
"6998", "N/A"
"6999", "N/A"
"7000", "N/A"
"7001", "N/A"
"7002", "N/A"
"7003", "N/A"
"7004", "Shenzhen"
"7005", "N/A"
"7006", "Vercelli"
"7007", "N/A"
"7008", "N/A"
"7009", "Aix en Provence"
"7010", "N/A"
"7011", "Gimcheon"
"7012", "N/A"
"7013", "Heilbronn II"
"7014", "N/A"
"7015", "Vicenza"
"7016", "N/A"
"7017", "N/A"
"7018", "N/A"
"7019", "N/A"
"7020", "N/A"
"7021", "Mestre"
"7022", "N/A"
"7023", "Tianjin"
"7024", "N/A"
"7025", "Mohammedia"
"7026", "N/A"
"7027", "Nanchang"
"7028", "N/A"
"7029", "Padova"
"7030", "N/A"
"7031", "N/A"
"7032", "N/A"
"7033", "N/A"
"7034", "N/A"
"7035", "N/A"
"7036", "N/A"
"7037", "N/A"
"7038", "N/A"
"7039", "N/A"
"7040", "N/A"
"7041", "N/A"
"7042", "N/A"
"7043", "N/A"
"7044", "N/A"
"7045", "N/A"
"7046", "N/A"
"7047", "N/A"
"7048", "N/A"
"7049", "N/A"
"7050", "N/A"
"7051", "N/A"
"7052", "N/A"
"7053", "N/A"
"7054", "N/A"
"7055", "N/A"
"7056", "N/A"
"7057", "N/A"
"7058", "N/A"
"7059", "N/A"
"7060", "N/A"
"7061", "N/A"
"7062", "N/A"
"7063", "N/A"
"7064", "N/A"
"7065", "N/A"
"7066", "N/A"
"7067", "N/A"
"7068", "N/A"
"7069", "N/A"
"7070", "N/A"
"7071", "Astana II"
"7072", "N/A"
"7073", "Cortina"
"7074", "N/A"
"7075", "Cali II"
"7076", "N/A"
"7077", "Prague II"
"7078", "N/A"
"7079", "N/A"
"7080", "N/A"
"7081", "N/A"
"7082", "N/A"
"7083", "Istanbul"
"7084", "N/A"
"7085", "Biella"
"7086", "N/A"
"7087", "N/A"
"7088", "N/A"
"7089", "N/A"
"7090", "N/A"
"7091", "N/A"
"7092", "N/A"
"7093", "Meknes"
"7094", "N/A"
"7095", "Kenitra"
"7096", "N/A"
"7097", "N/A"
"7098", "Indore"
"7099", "N/A"
"7100", "Pune"
"7101", "N/A"
"7102", "Cordoba"
"7103", "N/A"
"7104", "Reunion Island"
"7105", "N/A"
"7106", "N/A"
"7107", "N/A"
"7108", "N/A"
"7109", "N/A"
"7110", "N/A"
"7111", "N/A"
"7112", "N/A"
"7113", "N/A"
"7114", "N/A"
"7115", "N/A"
"7116", "N/A"
"7117", "N/A"
"7118", "N/A"
"7119", "Traralgon 2"
"7120", "N/A"
"7121", "Brescia"
"7122", "N/A"
"7123", "N/A"
"7124", "N/A"
"7125", "N/A"
"7126", "N/A"
"7127", "N/A"
"7128", "N/A"
"7129", "N/A"
"7130", "N/A"
"7131", "N/A"
"7132", "N/A"
"7133", "N/A"
"7134", "N/A"
"7135", "N/A"
"7136", "N/A"
"7137", "N/A"
"7138", "N/A"
"7139", "N/A"
"7140", "N/A"
"7141", "N/A"
"7142", "N/A"
"7143", "N/A"
"7144", "N/A"
"7145", "N/A"
"7146", "N/A"
"7147", "N/A"
"7148", "N/A"
"7149", "N/A"
"7150", "N/A"
"7151", "N/A"
"7152", "N/A"
"7153", "N/A"
"7154", "N/A"
"7155", "N/A"
"7156", "N/A"
"7157", "N/A"
"7158", "N/A"
"7159", "N/A"
"7160", "N/A"
"7161", "Quito"
"7162", "N/A"
"7163", "Istanbul"
"7164", "N/A"
"7165", "N/A"
"7166", "N/A"
"7167", "N/A"
"7168", "N/A"
"7169", "N/A"
"7170", "N/A"
"7171", "N/A"
"7172", "N/A"
"7173", "N/A"
"7174", "N/A"
"7175", "N/A"
"7176", "N/A"
"7177", "N/A"
"7178", "N/A"
"7179", "N/A"
"7180", "N/A"
"7181", "N/A"
"7182", "Happy Valley"
"7183", "N/A"
"7184", "Casablanca"
"7185", "N/A"
"7186", "Hong Kong"
"7187", "N/A"
"7188", "N/A"
"7189", "N/A"
"7190", "N/A"
"7191", "N/A"
"7192", "N/A"
"7193", "N/A"
"7194", "N/A"
"7195", "N/A"
"7196", "N/A"
"7197", "N/A"
"7198", "N/A"
"7199", "N/A"
"7200", "N/A"
"7201", "Santo Domingo"
"7202", "N/A"
"7203", "Launceston"
"7204", "N/A"
"7205", "Wroclaw"
"7206", "N/A"
"7207", "N/A"
"7208", "N/A"
"7209", "N/A"
"7210", "N/A"
"7211", "N/A"
"7212", "N/A"
"7213", "N/A"
"7214", "N/A"
"7215", "N/A"
"7216", "N/A"
"7217", "N/A"
"7218", "N/A"
"7219", "N/A"
"7220", "N/A"
"7221", "N/A"
"7222", "N/A"
"7223", "N/A"
"7224", "N/A"
"7225", "N/A"
"7226", "N/A"
"7227", "N/A"
"7228", "N/A"
"7229", "N/A"
"7230", "N/A"
"7231", "N/A"
"7232", "N/A"
"7233", "Glasgow"
"7234", "N/A"
"7235", "Drummondville"
"7236", "N/A"
"7237", "Raanana"
"7238", "N/A"
"7239", "Napoli"
"7240", "N/A"
"7241", "batman"
"7242", "N/A"
"7243", "Puebla"
"7244", "N/A"
"7245", "N/A"
"7246", "N/A"
"7247", "Turin"
"7248", "N/A"
"7249", "N/A"
"7250", "N/A"
"7251", "N/A"
"7252", "N/A"
"7253", "N/A"
"7254", "N/A"
"7255", "N/A"
"7256", "N/A"
"7257", "N/A"
"7258", "N/A"
"7259", "N/A"
"7260", "N/A"
"7261", "N/A"
"7262", "N/A"
"7263", "N/A"
"7264", "N/A"
"7265", "N/A"
"7266", "N/A"
"7267", "N/A"
"7268", "N/A"
"7269", "N/A"
"7270", "N/A"
"7271", "N/A"
"7272", "N/A"
"7273", "N/A"
"7274", "N/A"
"7275", "N/A"
"7276", "N/A"
"7277", "N/A"
"7278", "N/A"
"7279", "N/A"
"7280", "N/A"
"7281", "N/A"
"7282", "N/A"
"7283", "N/A"
"7284", "N/A"
"7285", "N/A"
"7286", "N/A"
"7287", "N/A"
"7288", "Seoul"
"7289", "N/A"
"7290", "Estoril"
"7291", "N/A"
"7292", "N/A"
"7293", "Manchester"
"7294", "N/A"
"7295", "Moscow"
"7296", "N/A"
"7297", "Surbiton"
"7298", "N/A"
"7299", "Memphis"
"7300", "Cologne"
"7301", "Split"
"7302", "Paris Indoor"
"7303", "Mexico City WCT"
"7304", "Buenos Aires"
"7305", "Metz"
"7306", "Mallorca"
"7307", "Beijing"
"7308", "Adelaide"
"7309", "Lyon"
"7310", "Manchester"
"7311", "Lancaster"
"7312", "N/A"
"7313", "N/A"
"7314", "N/A"
"7315", "N/A"
"7316", "Cary"
"7317", "N/A"
"7318", "Ann Arbor"
"7319", "N/A"
"7320", "N/A"
"7321", "N/A"
"7322", "N/A"
"7323", "N/A"
"7324", "N/A"
"7325", "N/A"
"7326", "N/A"
"7327", "N/A"
"7328", "N/A"
"7329", "N/A"
"7330", "N/A"
"7331", "Sao Paulo 2"
"7332", "N/A"
"7333", "Ho Chi Minh City"
"7334", "N/A"
"7335", "Casablanca"
"7336", "N/A"
"7337", "Corrientes"
"7338", "N/A"
"7339", "Fairfield"
"7340", "N/A"
"7341", "Brest"
"7342", "N/A"
"7343", "Ningbo"
"7344", "N/A"
"7345", "Las Vegas"
"7346", "N/A"
"7347", "Santiago 2"
"7348", "N/A"
"7349", "Bangalore"
"7350", "N/A"
"7351", "Monterrey"
"7352", "N/A"
"7353", "Suzhou"
"7354", "N/A"
"7355", "N/A"
"7356", "N/A"
"7357", "N/A"
"7358", "N/A"
"7359", "N/A"
"7360", "N/A"
"7361", "N/A"
"7362", "N/A"
"7363", "N/A"
"7364", "N/A"
"7365", "N/A"
"7366", "N/A"
"7367", "N/A"
"7368", "N/A"
"7369", "N/A"
"7370", "N/A"
"7371", "N/A"
"7372", "N/A"
"7373", "N/A"
"7374", "N/A"
"7375", "N/A"
"7376", "N/A"
"7377", "N/A"
"7378", "N/A"
"7379", "N/A"
"7380", "N/A"
"7381", "N/A"
"7382", "N/A"
"7383", "N/A"
"7384", "N/A"
"7385", "N/A"
"7386", "N/A"
"7387", "Hua Hin"
"7388", "N/A"
"7389", "Bogota"
"7390", "N/A"
"7391", "Guayaquil"
"7392", "N/A"
"7393", "Canberra (Bendigo 1)"
"7394", "N/A"
"7395", "Buenos Aires"
"7396", "N/A"
"7397", "Kobe"
"7398", "N/A"
"7399", "N/A"
"7400", "N/A"
"7401", "N/A"
"7402", "N/A"
"7403", "N/A"
"7404", "N/A"
"7405", "N/A"
"7406", "N/A"
"7407", "N/A"
"7408", "N/A"
"7409", "N/A"
"7410", "N/A"
"7411", "N/A"
"7412", "N/A"
"7413", "N/A"
"7414", "N/A"
"7415", "N/A"
"7416", "N/A"
"7417", "N/A"
"7418", "N/A"
"7419", "N/A"
"7420", "N/A"
"7421", "N/A"
"7422", "N/A"
"7423", "N/A"
"7424", "N/A"
"7425", "N/A"
"7426", "N/A"
"7427", "N/A"
"7428", "N/A"
"7429", "N/A"
"7430", "N/A"
"7431", "N/A"
"7432", "N/A"
"7433", "N/A"
"7434", "Sofia"
"7435", "N/A"
"7436", "Mendoza"
"7437", "N/A"
"7438", "Bangkok 2"
"7439", "N/A"
"7440", "Buenos Aires"
"7441", "N/A"
"7442", "Manila"
"7443", "N/A"
"7444", "N/A"
"7445", "N/A"
"7446", "N/A"
"7447", "N/A"
"7448", "N/A"
"7449", "N/A"
"7450", "N/A"
"7451", "N/A"
"7452", "N/A"
"7453", "N/A"
"7454", "N/A"
"7455", "N/A"
"7456", "N/A"
"7457", "N/A"
"7458", "N/A"
"7459", "N/A"
"7460", "N/A"
"7461", "N/A"
"7462", "N/A"
"7463", "N/A"
"7464", "N/A"
"7465", "N/A"
"7466", "N/A"
"7467", "N/A"
"7468", "N/A"
"7469", "N/A"
"7470", "N/A"
"7471", "N/A"
"7472", "N/A"
"7473", "N/A"
"7474", "Rio De Janeiro"
"7475", "N/A"
"7476", "N/A"
"7477", "N/A"
"7478", "N/A"
"7479", "N/A"
"7480", "Los Cabos"
"7481", "N/A"
"7482", "Jonkoping"
"7483", "N/A"
"7484", "N/A"
"7485", "Antwerp"
"7486", "N/A"
"7487", "N/A"
"7488", "N/A"
"7489", "N/A"
"7490", "Gwangju"
"7491", "N/A"
"7492", "Nanjing"
"7493", "N/A"
"7494", "Barletta"
"7495", "N/A"
"7496", "Zhuhai"
"7497", "N/A"
"7498", "Bangkok 3"
"7499", "N/A"
"7500", "N/A"
"7501", "N/A"
"7502", "N/A"
"7503", "N/A"
"7504", "N/A"
"7505", "N/A"
"7506", "N/A"
"7507", "N/A"
"7508", "N/A"
"7509", "N/A"
"7510", "N/A"
"7511", "N/A"
"7512", "N/A"
"7513", "N/A"
"7514", "N/A"
"7515", "N/A"
"7516", "N/A"
"7517", "N/A"
"7518", "N/A"
"7519", "N/A"
"7520", "N/A"
"7521", "N/A"
"7522", "N/A"
"7523", "N/A"
"7524", "N/A"
"7525", "N/A"
"7526", "N/A"
"7527", "N/A"
"7528", "N/A"
"7529", "N/A"
"7530", "N/A"
"7531", "N/A"
"7532", "N/A"
"7533", "N/A"
"7534", "N/A"
"7535", "N/A"
"7536", "Lyon"
"7537", "N/A"
"7538", "N/A"
"7539", "N/A"
"7540", "Bastad"
"7541", "N/A"
"7542", "Winnipeg"
"7543", "N/A"
"7544", "N/A"
"7545", "N/A"
"7546", "N/A"
"7547", "N/A"
"7548", "N/A"
"7549", "N/A"
"7550", "N/A"
"7551", "N/A"
"7552", "N/A"
"7553", "Chengdu"
"7554", "N/A"
"7555", "Qingdao"
"7556", "N/A"
"7557", "Gatineau"
"7558", "N/A"
"7559", "Fano"
"7560", "N/A"
"7561", "Bangkok 4"
"7562", "N/A"
"7563", "Curitiba"
"7564", "N/A"
"7565", "N/A"
"7566", "N/A"
"7567", "N/A"
"7568", "N/A"
"7569", "N/A"
"7570", "N/A"
"7571", "N/A"
"7572", "N/A"
"7573", "N/A"
"7574", "N/A"
"7575", "N/A"
"7576", "N/A"
"7577", "N/A"
"7578", "N/A"
"7579", "N/A"
"7580", "N/A"
"7581", "Chengdu"
"7582", "N/A"
"7583", "N/A"
"7584", "Budapest"
"7585", "N/A"
"7586", "Playford 2"
"7587", "N/A"
"7588", "N/A"
"7589", "N/A"
"7590", "N/A"
"7591", "N/A"
"7592", "N/A"
"7593", "N/A"
"7594", "N/A"
"7595", "N/A"
"7596", "N/A"
"7597", "N/A"
"7598", "N/A"
"7599", "N/A"
"7600", "N/A"
"7601", "N/A"
"7602", "N/A"
"7603", "N/A"
"7604", "N/A"
"7605", "N/A"
"7606", "N/A"
"7607", "N/A"
"7608", "N/A"
"7609", "N/A"
"7610", "N/A"
"7611", "N/A"
"7612", "N/A"
"7613", "N/A"
"7614", "Astana 2"
"7615", "N/A"
"7616", "N/A"
"7617", "N/A"
"7618", "N/A"
"7619", "N/A"
"7620", "N/A"
"7621", "N/A"
"7622", "N/A"
"7623", "N/A"
"7624", "N/A"
"7625", "N/A"
"7626", "N/A"
"7627", "N/A"
"7628", "N/A"
"7629", "N/A"
"7630", "N/A"
"7631", "N/A"
"7632", "N/A"
"7633", "N/A"
"7634", "N/A"
"7635", "N/A"
"7636", "N/A"
"7637", "N/A"
"7638", "N/A"
"7639", "N/A"
"7640", "N/A"
"7641", "N/A"
"7642", "N/A"
"7643", "N/A"
"7644", "N/A"
"7645", "N/A"
"7646", "N/A"
"7647", "N/A"
"7648", "N/A"
"7649", "N/A"
"7650", "N/A"
"7651", "N/A"
"7652", "N/A"
"7653", "N/A"
"7654", "N/A"
"7655", "N/A"
"7656", "N/A"
"7657", "N/A"
"7658", "N/A"
"7659", "N/A"
"7660", "N/A"
"7661", "N/A"
"7662", "N/A"
"7663", "N/A"
"7664", "N/A"
"7665", "N/A"
"7666", "N/A"
"7667", "N/A"
"7668", "N/A"
"7669", "N/A"
"7670", "N/A"
"7671", "N/A"
"7672", "N/A"
"7673", "N/A"
"7674", "N/A"
"7675", "N/A"
"7676", "N/A"
"7677", "N/A"
"7678", "N/A"
"7679", "N/A"
"7680", "N/A"
"7681", "N/A"
"7682", "N/A"
"7683", "N/A"
"7684", "N/A"
"7685", "N/A"
"7686", "N/A"
"7687", "N/A"
"7688", "N/A"
"7689", "N/A"
"7690", "N/A"
"7691", "N/A"
"7692", "N/A"
"7693", "N/A"
"7694", "N/A"
"7695", "N/A"
"7696", "N/A"
"7697", "N/A"
"7698", "N/A"
"7699", "N/A"
"7700", "N/A"
"7701", "N/A"
"7702", "N/A"
"7703", "N/A"
"7704", "N/A"
"7705", "N/A"
"7706", "N/A"
"7707", "N/A"
"7708", "N/A"
"7709", "N/A"
"7710", "N/A"
"7711", "N/A"
"7712", "N/A"
"7713", "N/A"
"7714", "N/A"
"7715", "N/A"
"7716", "N/A"
"7717", "N/A"
"7718", "N/A"
"7719", "N/A"
"7720", "N/A"
"7721", "N/A"
"7722", "N/A"
"7723", "N/A"
"7724", "N/A"
"7725", "N/A"
"7726", "N/A"
"7727", "N/A"
"7728", "N/A"
"7729", "N/A"
"7730", "N/A"
"7731", "N/A"
"7732", "N/A"
"7733", "N/A"
"7734", "N/A"
"7735", "N/A"
"7736", "N/A"
"7737", "N/A"
"7738", "N/A"
"7739", "N/A"
"7740", "N/A"
"7741", "N/A"
"7742", "N/A"
"7743", "N/A"
"7744", "N/A"
"7745", "N/A"
"7746", "N/A"
"7747", "N/A"
"7748", "N/A"
"7749", "N/A"
"7750", "N/A"
"7751", "N/A"
"7752", "N/A"
"7753", "N/A"
"7754", "N/A"
"7755", "N/A"
"7756", "N/A"
"7757", "N/A"
"7758", "N/A"
"7759", "N/A"
"7760", "N/A"
"7761", "N/A"
"7762", "N/A"
"7763", "N/A"
"7764", "N/A"
"7765", "N/A"
"7766", "N/A"
"7767", "N/A"
"7768", "N/A"
"7769", "N/A"
"7770", "N/A"
"7771", "N/A"
"7772", "N/A"
"7773", "N/A"
"7774", "N/A"
"7775", "N/A"
"7776", "N/A"
"7777", "N/A"
"7778", "N/A"
"7779", "N/A"
"7780", "N/A"
"7781", "N/A"
"7782", "N/A"
"7783", "N/A"
"7784", "N/A"
"7785", "N/A"
"7786", "N/A"
"7787", "N/A"
"7788", "N/A"
"7789", "N/A"
"7790", "N/A"
"7791", "N/A"
"7792", "N/A"
"7793", "N/A"
"7794", "N/A"
"7795", "N/A"
"7796", "N/A"
"7797", "N/A"
"7798", "N/A"
"7799", "N/A"
"7800", "N/A"
"7801", "N/A"
"7802", "N/A"
"7803", "N/A"
"7804", "N/A"
"7805", "N/A"
"7806", "N/A"
"7807", "N/A"
"7808", "N/A"
"7809", "N/A"
"7810", "N/A"
"7811", "N/A"
"7812", "N/A"
"7813", "N/A"
"7814", "N/A"
"7815", "N/A"
"7816", "N/A"
"7817", "N/A"
"7818", "N/A"
"7819", "N/A"
"7820", "N/A"
"7821", "N/A"
"7822", "N/A"
"7823", "N/A"
"7824", "N/A"
"7825", "N/A"
"7826", "N/A"
"7827", "N/A"
"7828", "N/A"
"7829", "N/A"
"7830", "N/A"
"7831", "N/A"
"7832", "N/A"
"7833", "N/A"
"7834", "N/A"
"7835", "N/A"
"7836", "N/A"
"7837", "N/A"
"7838", "N/A"
"7839", "N/A"
"7840", "N/A"
"7841", "N/A"
"7842", "N/A"
"7843", "N/A"
"7844", "N/A"
"7845", "N/A"
"7846", "N/A"
"7847", "N/A"
"7848", "N/A"
"7849", "N/A"
"7850", "N/A"
"7851", "N/A"
"7852", "N/A"
"7853", "N/A"
"7854", "N/A"
"7855", "N/A"
"7856", "N/A"
"7857", "N/A"
"7858", "N/A"
"7859", "N/A"
"7860", "N/A"
"7861", "N/A"
"7862", "N/A"
"7863", "N/A"
"7864", "N/A"
"7865", "N/A"
"7866", "N/A"
"7867", "N/A"
"7868", "N/A"
"7869", "N/A"
"7870", "N/A"
"7871", "N/A"
"7872", "N/A"
"7873", "N/A"
"7874", "N/A"
"7875", "N/A"
"7876", "N/A"
"7877", "N/A"
"7878", "N/A"
"7879", "N/A"
"7880", "N/A"
"7881", "N/A"
"7882", "N/A"
"7883", "N/A"
"7884", "N/A"
"7885", "N/A"
"7886", "N/A"
"7887", "N/A"
"7888", "N/A"
"7889", "N/A"
"7890", "N/A"
"7891", "N/A"
"7892", "N/A"
"7893", "N/A"
"7894", "N/A"
"7895", "N/A"
"7896", "N/A"
"7897", "N/A"
"7898", "N/A"
"7899", "N/A"
"7900", "N/A"
"7901", "N/A"
"7902", "N/A"
"7903", "N/A"
"7904", "N/A"
"7905", "N/A"
"7906", "N/A"
"7907", "N/A"
"7908", "N/A"
"7909", "N/A"
"7910", "N/A"
"7911", "N/A"
"7912", "N/A"
"7913", "N/A"
"7914", "N/A"
"7915", "N/A"
"7916", "N/A"
"7917", "N/A"
"7918", "N/A"
"7919", "N/A"
"7920", "N/A"
"7921", "N/A"
"7922", "N/A"
"7923", "N/A"
"7924", "N/A"
"7925", "N/A"
"7926", "N/A"
"7927", "N/A"
"7928", "N/A"
"7929", "N/A"
"7930", "N/A"
"7931", "N/A"
"7932", "N/A"
"7933", "N/A"
"7934", "N/A"
"7935", "N/A"
"7936", "N/A"
"7937", "N/A"
"7938", "N/A"
"7939", "N/A"
"7940", "N/A"
"7941", "N/A"
"7942", "N/A"
"7943", "N/A"
"7944", "N/A"
"7945", "N/A"
"7946", "N/A"
"7947", "N/A"
"7948", "N/A"
"7949", "N/A"
"7950", "N/A"
"7951", "N/A"
"7952", "N/A"
"7953", "N/A"
"7954", "N/A"
"7955", "N/A"
"7956", "N/A"
"7957", "N/A"
"7958", "N/A"
"7959", "N/A"
"7960", "N/A"
"7961", "N/A"
"7962", "N/A"
"7963", "N/A"
"7964", "N/A"
"7965", "N/A"
"7966", "N/A"
"7967", "N/A"
"7968", "N/A"
"7969", "N/A"
"7970", "N/A"
"7971", "N/A"
"7972", "N/A"
"7973", "N/A"
"7974", "N/A"
"7975", "N/A"
"7976", "N/A"
"7977", "N/A"
"7978", "N/A"
"7979", "N/A"
"7980", "N/A"
"7981", "N/A"
"7982", "N/A"
"7983", "N/A"
"7984", "N/A"
"7985", "N/A"
"7986", "N/A"
"7987", "N/A"
"7988", "N/A"
"7989", "N/A"
"7990", "N/A"
"7991", "N/A"
"7992", "N/A"
"7993", "N/A"
"7994", "N/A"
"7995", "N/A"
"7996", "N/A"
"7997", "N/A"
"7998", "N/A"
"7999", "N/A"
"8000", "N/A"
"8001", "N/A"
"8002", "N/A"
"8003", "N/A"
"8004", "N/A"
"8005", "N/A"
"8006", "N/A"
"8007", "N/A"
"8008", "N/A"
"8009", "N/A"
"8010", "N/A"
"8011", "N/A"
"8012", "N/A"
"8013", "N/A"
"8014", "N/A"
"8015", "N/A"
"8016", "N/A"
"8017", "N/A"
"8018", "N/A"
"8019", "N/A"
"8020", "N/A"
"8021", "N/A"
"8022", "N/A"
"8023", "N/A"
"8024", "N/A"
"8025", "N/A"
"8026", "N/A"
"8027", "N/A"
"8028", "N/A"
"8029", "N/A"
"8030", "N/A"
"8031", "N/A"
"8032", "N/A"
"8033", "N/A"
"8034", "N/A"
"8035", "N/A"
"8036", "N/A"
"8037", "N/A"
"8038", "N/A"
"8039", "N/A"
"8040", "N/A"
"8041", "N/A"
"8042", "N/A"
"8043", "N/A"
"8044", "N/A"
"8045", "N/A"
"8046", "N/A"
"8047", "N/A"
"8048", "N/A"
"8049", "N/A"
"8050", "N/A"
"8051", "N/A"
"8052", "N/A"
"8053", "N/A"
"8054", "N/A"
"8055", "N/A"
"8056", "N/A"
"8057", "N/A"
"8058", "N/A"
"8059", "N/A"
"8060", "N/A"
"8061", "N/A"
"8062", "N/A"
"8063", "N/A"
"8064", "N/A"
"8065", "N/A"
"8066", "N/A"
"8067", "N/A"
"8068", "N/A"
"8069", "N/A"
"8070", "N/A"
"8071", "N/A"
"8072", "N/A"
"8073", "N/A"
"8074", "N/A"
"8075", "N/A"
"8076", "N/A"
"8077", "N/A"
"8078", "N/A"
"8079", "N/A"
"8080", "N/A"
"8081", "N/A"
"8082", "N/A"
"8083", "N/A"
"8084", "N/A"
"8085", "N/A"
"8086", "N/A"
"8087", "N/A"
"8088", "N/A"
"8089", "N/A"
"8090", "N/A"
"8091", "N/A"
"8092", "N/A"
"8093", "N/A"
"8094", "N/A"
"8095", "N/A"
"8096", "N/A"
"8097", "N/A"
"8098", "N/A"
"8099", "N/A"
"8100", "N/A"
"8101", "N/A"
"8102", "N/A"
"8103", "N/A"
"8104", "N/A"
"8105", "N/A"
"8106", "N/A"
"8107", "N/A"
"8108", "N/A"
"8109", "N/A"
"8110", "N/A"
"8111", "N/A"
"8112", "N/A"
"8113", "N/A"
"8114", "N/A"
"8115", "N/A"
"8116", "N/A"
"8117", "N/A"
"8118", "N/A"
"8119", "N/A"
"8120", "N/A"
"8121", "N/A"
"8122", "N/A"
"8123", "N/A"
"8124", "N/A"
"8125", "N/A"
"8126", "N/A"
"8127", "N/A"
"8128", "N/A"
"8129", "N/A"
"8130", "N/A"
"8131", "N/A"
"8132", "N/A"
"8133", "N/A"
"8134", "N/A"
"8135", "N/A"
"8136", "N/A"
"8137", "N/A"
"8138", "N/A"
"8139", "N/A"
"8140", "N/A"
"8141", "N/A"
"8142", "N/A"
"8143", "N/A"
"8144", "N/A"
"8145", "N/A"
"8146", "N/A"
"8147", "N/A"
"8148", "N/A"
"8149", "N/A"
"8150", "N/A"
"8151", "N/A"
"8152", "N/A"
"8153", "N/A"
"8154", "N/A"
"8155", "N/A"
"8156", "N/A"
"8157", "N/A"
"8158", "N/A"
"8159", "N/A"
"8160", "N/A"
"8161", "N/A"
"8162", "N/A"
"8163", "N/A"
"8164", "N/A"
"8165", "N/A"
"8166", "N/A"
"8167", "N/A"
"8168", "N/A"
"8169", "N/A"
"8170", "N/A"
"8171", "N/A"
"8172", "N/A"
"8173", "N/A"
"8174", "N/A"
"8175", "N/A"
"8176", "N/A"
"8177", "N/A"
"8178", "N/A"
"8179", "N/A"
"8180", "N/A"
"8181", "N/A"
"8182", "N/A"
"8183", "N/A"
"8184", "N/A"
"8185", "N/A"
"8186", "N/A"
"8187", "N/A"
"8188", "N/A"
"8189", "N/A"
"8190", "N/A"
"8191", "N/A"
"8192", "N/A"
"8193", "N/A"
"8194", "N/A"
"8195", "N/A"
"8196", "N/A"
"8197", "N/A"
"8198", "N/A"
"8199", "N/A"
"8200", "N/A"
"8201", "N/A"
"8202", "N/A"
"8203", "N/A"
"8204", "N/A"
"8205", "N/A"
"8206", "N/A"
"8207", "N/A"
"8208", "N/A"
"8209", "N/A"
"8210", "N/A"
"8211", "N/A"
"8212", "N/A"
"8213", "N/A"
"8214", "N/A"
"8215", "N/A"
"8216", "N/A"
"8217", "N/A"
"8218", "N/A"
"8219", "N/A"
"8220", "N/A"
"8221", "N/A"
"8222", "N/A"
"8223", "N/A"
"8224", "N/A"
"8225", "N/A"
"8226", "N/A"
"8227", "N/A"
"8228", "N/A"
"8229", "N/A"
"8230", "N/A"
"8231", "N/A"
"8232", "N/A"
"8233", "N/A"
"8234", "N/A"
"8235", "N/A"
"8236", "N/A"
"8237", "N/A"
"8238", "N/A"
"8239", "N/A"
"8240", "N/A"
"8241", "N/A"
"8242", "N/A"
"8243", "N/A"
"8244", "N/A"
"8245", "N/A"
"8246", "N/A"
"8247", "N/A"
"8248", "N/A"
"8249", "N/A"
"8250", "N/A"
"8251", "N/A"
"8252", "N/A"
"8253", "N/A"
"8254", "N/A"
"8255", "N/A"
"8256", "N/A"
"8257", "N/A"
"8258", "N/A"
"8259", "N/A"
"8260", "N/A"
"8261", "N/A"
"8262", "N/A"
"8263", "N/A"
"8264", "N/A"
"8265", "N/A"
"8266", "N/A"
"8267", "N/A"
"8268", "N/A"
"8269", "N/A"
"8270", "N/A"
"8271", "N/A"
"8272", "N/A"
"8273", "N/A"
"8274", "N/A"
"8275", "N/A"
"8276", "N/A"
"8277", "N/A"
"8278", "N/A"
"8279", "N/A"
"8280", "N/A"
"8281", "N/A"
"8282", "N/A"
"8283", "N/A"
"8284", "N/A"
"8285", "N/A"
"8286", "N/A"
"8287", "N/A"
"8288", "N/A"
"8289", "N/A"
"8290", "N/A"
"8291", "N/A"
"8292", "N/A"
"8293", "N/A"
"8294", "N/A"
"8295", "N/A"
"8296", "N/A"
"8297", "N/A"
"8298", "N/A"
"8299", "N/A"
"8300", "N/A"
"8301", "N/A"
"8302", "N/A"
"8303", "N/A"
"8304", "N/A"
"8305", "N/A"
"8306", "N/A"
"8307", "N/A"
"8308", "N/A"
"8309", "N/A"
"8310", "N/A"
"8311", "N/A"
"8312", "N/A"
"8313", "N/A"
"8314", "N/A"
"8315", "N/A"
"8316", "N/A"
"8317", "N/A"
"8318", "N/A"
"8319", "N/A"
"8320", "N/A"
"8321", "N/A"
"8322", "N/A"
"8323", "N/A"
"8324", "N/A"
"8325", "N/A"
"8326", "N/A"
"8327", "N/A"
"8328", "N/A"
"8329", "N/A"
"8330", "N/A"
"8331", "N/A"
"8332", "N/A"
"8333", "N/A"
"8334", "N/A"
"8335", "N/A"
"8336", "N/A"
"8337", "N/A"
"8338", "N/A"
"8339", "N/A"
"8340", "N/A"
"8341", "N/A"
"8342", "N/A"
"8343", "N/A"
"8344", "N/A"
"8345", "N/A"
"8346", "N/A"
"8347", "N/A"
"8348", "N/A"
"8349", "N/A"
"8350", "N/A"
"8351", "N/A"
"8352", "N/A"
"8353", "N/A"
"8354", "N/A"
"8355", "N/A"
"8356", "N/A"
"8357", "N/A"
"8358", "N/A"
"8359", "N/A"
"8360", "N/A"
"8361", "N/A"
"8362", "N/A"
"8363", "N/A"
"8364", "N/A"
"8365", "N/A"
"8366", "N/A"
"8367", "N/A"
"8368", "N/A"
"8369", "N/A"
"8370", "N/A"
"8371", "N/A"
"8372", "N/A"
"8373", "N/A"
"8374", "N/A"
"8375", "N/A"
"8376", "N/A"
"8377", "N/A"
"8378", "N/A"
"8379", "N/A"
"8380", "N/A"
"8381", "N/A"
"8382", "N/A"
"8383", "N/A"
"8384", "N/A"
"8385", "N/A"
"8386", "N/A"
"8387", "N/A"
"8388", "N/A"
"8389", "N/A"
"8390", "N/A"
"8391", "N/A"
"8392", "N/A"
"8393", "N/A"
"8394", "N/A"
"8395", "N/A"
"8396", "N/A"
"8397", "N/A"
"8398", "N/A"
"8399", "N/A"
"8400", "N/A"
"8401", "N/A"
"8402", "N/A"
"8403", "N/A"
"8404", "N/A"
"8405", "N/A"
"8406", "N/A"
"8407", "N/A"
"8408", "N/A"
"8409", "N/A"
"8410", "N/A"
"8411", "N/A"
"8412", "N/A"
"8413", "N/A"
"8414", "N/A"
"8415", "N/A"
"8416", "N/A"
"8417", "N/A"
"8418", "N/A"
"8419", "N/A"
"8420", "N/A"
"8421", "N/A"
"8422", "N/A"
"8423", "N/A"
"8424", "N/A"
"8425", "N/A"
"8426", "N/A"
"8427", "N/A"
"8428", "N/A"
"8429", "N/A"
"8430", "N/A"
"8431", "N/A"
"8432", "N/A"
"8433", "N/A"
"8434", "N/A"
"8435", "N/A"
"8436", "N/A"
"8437", "N/A"
"8438", "N/A"
"8439", "N/A"
"8440", "N/A"
"8441", "N/A"
"8442", "N/A"
"8443", "N/A"
"8444", "N/A"
"8445", "N/A"
"8446", "N/A"
"8447", "N/A"
"8448", "N/A"
"8449", "N/A"
"8450", "N/A"
"8451", "N/A"
"8452", "N/A"
"8453", "N/A"
"8454", "N/A"
"8455", "N/A"
"8456", "N/A"
"8457", "N/A"
"8458", "N/A"
"8459", "N/A"
"8460", "N/A"
"8461", "N/A"
"8462", "N/A"
"8463", "N/A"
"8464", "N/A"
"8465", "N/A"
"8466", "N/A"
"8467", "N/A"
"8468", "N/A"
"8469", "N/A"
"8470", "N/A"
"8471", "N/A"
"8472", "N/A"
"8473", "N/A"
"8474", "N/A"
"8475", "N/A"
"8476", "N/A"
"8477", "N/A"
"8478", "N/A"
"8479", "N/A"
"8480", "N/A"
"8481", "N/A"
"8482", "N/A"
"8483", "N/A"
"8484", "N/A"
"8485", "N/A"
"8486", "N/A"
"8487", "N/A"
"8488", "N/A"
"8489", "N/A"
"8490", "N/A"
"8491", "N/A"
"8492", "N/A"
"8493", "N/A"
"8494", "N/A"
"8495", "N/A"
"8496", "N/A"
"8497", "N/A"
"8498", "N/A"
"8499", "N/A"
"8500", "N/A"
"8501", "N/A"
"8502", "N/A"
"8503", "N/A"
"8504", "N/A"
"8505", "N/A"
"8506", "N/A"
"8507", "N/A"
"8508", "N/A"
"8509", "N/A"
"8510", "N/A"
"8511", "N/A"
"8512", "N/A"
"8513", "N/A"
"8514", "N/A"
"8515", "N/A"
"8516", "N/A"
"8517", "N/A"
"8518", "N/A"
"8519", "N/A"
"8520", "N/A"
"8521", "N/A"
"8522", "N/A"
"8523", "N/A"
"8524", "N/A"
"8525", "N/A"
"8526", "N/A"
"8527", "N/A"
"8528", "N/A"
"8529", "N/A"
"8530", "N/A"
"8531", "N/A"
"8532", "N/A"
"8533", "N/A"
"8534", "N/A"
"8535", "N/A"
"8536", "N/A"
"8537", "N/A"
"8538", "N/A"
"8539", "N/A"
"8540", "N/A"
"8541", "N/A"
"8542", "N/A"
"8543", "N/A"
"8544", "N/A"
"8545", "N/A"
"8546", "N/A"
"8547", "N/A"
"8548", "N/A"
"8549", "N/A"
"8550", "N/A"
"8551", "N/A"
"8552", "N/A"
"8553", "N/A"
"8554", "N/A"
"8555", "N/A"
"8556", "N/A"
"8557", "N/A"
"8558", "N/A"
"8559", "N/A"
"8560", "N/A"
"8561", "N/A"
"8562", "N/A"
"8563", "N/A"
"8564", "N/A"
"8565", "N/A"
"8566", "N/A"
"8567", "N/A"
"8568", "N/A"
"8569", "N/A"
"8570", "N/A"
"8571", "N/A"
"8572", "N/A"
"8573", "N/A"
"8574", "N/A"
"8575", "N/A"
"8576", "N/A"
"8577", "N/A"
"8578", "N/A"
"8579", "N/A"
"8580", "N/A"
"8581", "N/A"
"8582", "N/A"
"8583", "N/A"
"8584", "N/A"
"8585", "N/A"
"8586", "N/A"
"8587", "N/A"
"8588", "N/A"
"8589", "N/A"
"8590", "N/A"
"8591", "N/A"
"8592", "N/A"
"8593", "N/A"
"8594", "N/A"
"8595", "N/A"
"8596", "N/A"
"8597", "N/A"
"8598", "N/A"
"8599", "N/A"
"8600", "N/A"
"8601", "N/A"
"8602", "N/A"
"8603", "N/A"
"8604", "N/A"
"8605", "N/A"
"8606", "N/A"
"8607", "N/A"
"8608", "N/A"
"8609", "N/A"
"8610", "N/A"
"8611", "N/A"
"8612", "N/A"
"8613", "N/A"
"8614", "N/A"
"8615", "N/A"
"8616", "N/A"
"8617", "N/A"
"8618", "N/A"
"8619", "N/A"
"8620", "N/A"
"8621", "N/A"
"8622", "N/A"
"8623", "N/A"
"8624", "N/A"
"8625", "N/A"
"8626", "N/A"
"8627", "N/A"
"8628", "N/A"
"8629", "N/A"
"8630", "N/A"
"8631", "N/A"
"8632", "N/A"
"8633", "N/A"
"8634", "N/A"
"8635", "N/A"
"8636", "N/A"
"8637", "N/A"
"8638", "N/A"
"8639", "N/A"
"8640", "N/A"
"8641", "N/A"
"8642", "N/A"
"8643", "N/A"
"8644", "N/A"
"8645", "N/A"
"8646", "N/A"
"8647", "N/A"
"8648", "N/A"
"8649", "N/A"
"8650", "N/A"
"8651", "N/A"
"8652", "N/A"
"8653", "N/A"
"8654", "N/A"
"8655", "N/A"
"8656", "N/A"
"8657", "N/A"
"8658", "N/A"
"8659", "N/A"
"8660", "N/A"
"8661", "N/A"
"8662", "N/A"
"8663", "N/A"
"8664", "N/A"
"8665", "N/A"
"8666", "N/A"
"8667", "N/A"
"8668", "N/A"
"8669", "N/A"
"8670", "N/A"
"8671", "N/A"
"8672", "N/A"
"8673", "N/A"
"8674", "N/A"
"8675", "N/A"
"8676", "N/A"
"8677", "N/A"
"8678", "N/A"
"8679", "N/A"
"8680", "N/A"
"8681", "N/A"
"8682", "N/A"
"8683", "N/A"
"8684", "N/A"
"8685", "N/A"
"8686", "N/A"
"8687", "N/A"
"8688", "N/A"
"8689", "N/A"
"8690", "N/A"
"8691", "N/A"
"8692", "N/A"
"8693", "N/A"
"8694", "N/A"
"8695", "N/A"
"8696", "N/A"
"8697", "N/A"
"8698", "N/A"
"8699", "N/A"
"8700", "N/A"
"8701", "N/A"
"8702", "N/A"
"8703", "N/A"
"8704", "N/A"
"8705", "N/A"
"8706", "N/A"
"8707", "N/A"
"8708", "N/A"
"8709", "N/A"
"8710", "N/A"
"8711", "N/A"
"8712", "N/A"
"8713", "N/A"
"8714", "N/A"
"8715", "N/A"
"8716", "N/A"
"8717", "N/A"
"8718", "N/A"
"8719", "N/A"
"8720", "N/A"
"8721", "N/A"
"8722", "N/A"
"8723", "N/A"
"8724", "N/A"
"8725", "N/A"
"8726", "N/A"
"8727", "N/A"
"8728", "N/A"
"8729", "N/A"
"8730", "N/A"
"8731", "N/A"
"8732", "N/A"
"8733", "N/A"
"8734", "N/A"
"8735", "N/A"
"8736", "N/A"
"8737", "N/A"
"8738", "N/A"
"8739", "N/A"
"8740", "N/A"
"8741", "N/A"
"8742", "N/A"
"8743", "N/A"
"8744", "N/A"
"8745", "N/A"
"8746", "N/A"
"8747", "N/A"
"8748", "N/A"
"8749", "N/A"
"8750", "N/A"
"8751", "N/A"
"8752", "N/A"
"8753", "N/A"
"8754", "N/A"
"8755", "N/A"
"8756", "N/A"
"8757", "N/A"
"8758", "N/A"
"8759", "N/A"
"8760", "N/A"
"8761", "N/A"
"8762", "N/A"
"8763", "N/A"
"8764", "N/A"
"8765", "N/A"
"8766", "N/A"
"8767", "N/A"
"8768", "N/A"
"8769", "N/A"
"8770", "N/A"
"8771", "N/A"
"8772", "N/A"
"8773", "N/A"
"8774", "N/A"
"8775", "N/A"
"8776", "N/A"
"8777", "N/A"
"8778", "N/A"
"8779", "N/A"
"8780", "N/A"
"8781", "N/A"
"8782", "N/A"
"8783", "N/A"
"8784", "N/A"
"8785", "N/A"
"8786", "N/A"
"8787", "N/A"
"8788", "N/A"
"8789", "N/A"
"8790", "N/A"
"8791", "N/A"
"8792", "N/A"
"8793", "N/A"
"8794", "N/A"
"8795", "N/A"
"8796", "N/A"
"8797", "N/A"
"8798", "N/A"
"8799", "N/A"
"8800", "N/A"
"8801", "N/A"
"8802", "N/A"
"8803", "N/A"
"8804", "N/A"
"8805", "N/A"
"8806", "N/A"
"8807", "N/A"
"8808", "N/A"
"8809", "N/A"
"8810", "N/A"
"8811", "N/A"
"8812", "N/A"
"8813", "N/A"
"8814", "N/A"
"8815", "N/A"
"8816", "N/A"
"8817", "N/A"
"8818", "N/A"
"8819", "N/A"
"8820", "N/A"
"8821", "N/A"
"8822", "N/A"
"8823", "N/A"
"8824", "N/A"
"8825", "N/A"
"8826", "N/A"
"8827", "N/A"
"8828", "N/A"
"8829", "N/A"
"8830", "N/A"
"8831", "N/A"
"8832", "N/A"
"8833", "N/A"
"8834", "N/A"
"8835", "N/A"
"8836", "N/A"
"8837", "N/A"
"8838", "N/A"
"8839", "N/A"
"8840", "N/A"
"8841", "N/A"
"8842", "N/A"
"8843", "N/A"
"8844", "N/A"
"8845", "N/A"
"8846", "N/A"
"8847", "N/A"
"8848", "N/A"
"8849", "N/A"
"8850", "N/A"
"8851", "N/A"
"8852", "N/A"
"8853", "N/A"
"8854", "N/A"
"8855", "N/A"
"8856", "N/A"
"8857", "N/A"
"8858", "N/A"
"8859", "N/A"
"8860", "N/A"
"8861", "N/A"
"8862", "N/A"
"8863", "N/A"
"8864", "N/A"
"8865", "N/A"
"8866", "N/A"
"8867", "N/A"
"8868", "N/A"
"8869", "N/A"
"8870", "N/A"
"8871", "N/A"
"8872", "N/A"
"8873", "N/A"
"8874", "N/A"
"8875", "N/A"
"8876", "N/A"
"8877", "N/A"
"8878", "N/A"
"8879", "N/A"
"8880", "N/A"
"8881", "N/A"
"8882", "N/A"
"8883", "N/A"
"8884", "N/A"
"8885", "N/A"
"8886", "N/A"
"8887", "N/A"
"8888", "N/A"
"8889", "N/A"
"8890", "N/A"
"8891", "N/A"
"8892", "N/A"
"8893", "N/A"
"8894", "N/A"
"8895", "N/A"
"8896", "N/A"
"8897", "N/A"
"8898", "N/A"
"8899", "N/A"
"8900", "N/A"
"8901", "N/A"
"8902", "N/A"
"8903", "N/A"
"8904", "N/A"
"8905", "N/A"
"8906", "N/A"
"8907", "N/A"
"8908", "N/A"
"8909", "N/A"
"8910", "N/A"
"8911", "N/A"
"8912", "N/A"
"8913", "N/A"
"8914", "N/A"
"8915", "N/A"
"8916", "N/A"
"8917", "N/A"
"8918", "N/A"
"8919", "N/A"
"8920", "N/A"
"8921", "N/A"
"8922", "N/A"
"8923", "N/A"
"8924", "N/A"
"8925", "N/A"
"8926", "N/A"
"8927", "N/A"
"8928", "N/A"
"8929", "N/A"
"8930", "N/A"
"8931", "N/A"
"8932", "N/A"
"8933", "N/A"
"8934", "N/A"
"8935", "N/A"
"8936", "N/A"
"8937", "N/A"
"8938", "N/A"
"8939", "N/A"
"8940", "N/A"
"8941", "N/A"
"8942", "N/A"
"8943", "N/A"
"8944", "N/A"
"8945", "N/A"
"8946", "N/A"
"8947", "N/A"
"8948", "N/A"
"8949", "N/A"
"8950", "N/A"
"8951", "N/A"
"8952", "N/A"
"8953", "N/A"
"8954", "N/A"
"8955", "N/A"
"8956", "N/A"
"8957", "N/A"
"8958", "N/A"
"8959", "N/A"
"8960", "N/A"
"8961", "N/A"
"8962", "N/A"
"8963", "N/A"
"8964", "N/A"
"8965", "N/A"
"8966", "N/A"
"8967", "N/A"
"8968", "N/A"
"8969", "N/A"
"8970", "N/A"
"8971", "N/A"
"8972", "N/A"
"8973", "N/A"
"8974", "N/A"
"8975", "N/A"
"8976", "N/A"
"8977", "N/A"
"8978", "N/A"
"8979", "N/A"
"8980", "N/A"
"8981", "N/A"
"8982", "N/A"
"8983", "N/A"
"8984", "N/A"
"8985", "N/A"
"8986", "N/A"
"8987", "N/A"
"8988", "N/A"
"8989", "N/A"
"8990", "N/A"
"8991", "N/A"
"8992", "N/A"
"8993", "N/A"
"8994", "N/A"
"8995", "N/A"
"8996", "N/A"
"8997", "N/A"
"8998", "N/A"
"8999", "N/A"
"9000", "N/A"
"9001", "N/A"
"9002", "N/A"
"9003", "N/A"
"9004", "N/A"
"9005", "N/A"
"9006", "N/A"
"9007", "N/A"
"9008", "N/A"
"9009", "N/A"
"9010", "N/A"
"9011", "N/A"
"9012", "N/A"
"9013", "N/A"
"9014", "N/A"
"9015", "N/A"
"9016", "N/A"
"9017", "N/A"
"9018", "N/A"
"9019", "N/A"
"9020", "N/A"
"9021", "N/A"
"9022", "N/A"
"9023", "N/A"
"9024", "N/A"
"9025", "N/A"
"9026", "N/A"
"9027", "N/A"
"9028", "N/A"
"9029", "N/A"
"9030", "N/A"
"9031", "N/A"
"9032", "N/A"
"9033", "N/A"
"9034", "N/A"
"9035", "N/A"
"9036", "N/A"
"9037", "N/A"
"9038", "N/A"
"9039", "N/A"
"9040", "N/A"
"9041", "N/A"
"9042", "N/A"
"9043", "N/A"
"9044", "N/A"
"9045", "N/A"
"9046", "N/A"
"9047", "N/A"
"9048", "N/A"
"9049", "N/A"
"9050", "N/A"
"9051", "N/A"
"9052", "N/A"
"9053", "N/A"
"9054", "N/A"
"9055", "N/A"
"9056", "N/A"
"9057", "N/A"
"9058", "N/A"
"9059", "N/A"
"9060", "N/A"
"9061", "N/A"
"9062", "N/A"
"9063", "N/A"
"9064", "N/A"
"9065", "N/A"
"9066", "N/A"
"9067", "N/A"
"9068", "N/A"
"9069", "N/A"
"9070", "N/A"
"9071", "N/A"
"9072", "N/A"
"9073", "N/A"
"9074", "N/A"
"9075", "N/A"
"9076", "N/A"
"9077", "N/A"
"9078", "N/A"
"9079", "N/A"
"9080", "N/A"
"9081", "N/A"
"9082", "N/A"
"9083", "N/A"
"9084", "N/A"
"9085", "N/A"
"9086", "N/A"
"9087", "N/A"
"9088", "N/A"
"9089", "N/A"
"9090", "N/A"
"9091", "N/A"
"9092", "N/A"
"9093", "N/A"
"9094", "N/A"
"9095", "N/A"
"9096", "N/A"
"9097", "N/A"
"9098", "N/A"
"9099", "N/A"
"9100", "N/A"
"9101", "N/A"
"9102", "N/A"
"9103", "N/A"
"9104", "N/A"
"9105", "N/A"
"9106", "N/A"
"9107", "N/A"
"9108", "N/A"
"9109", "N/A"
"9110", "N/A"
"9111", "N/A"
"9112", "N/A"
"9113", "N/A"
"9114", "N/A"
"9115", "N/A"
"9116", "N/A"
"9117", "N/A"
"9118", "N/A"
"9119", "N/A"
"9120", "N/A"
"9121", "N/A"
"9122", "N/A"
"9123", "N/A"
"9124", "N/A"
"9125", "N/A"
"9126", "N/A"
"9127", "N/A"
"9128", "N/A"
"9129", "N/A"
"9130", "N/A"
"9131", "N/A"
"9132", "N/A"
"9133", "N/A"
"9134", "N/A"
"9135", "N/A"
"9136", "N/A"
"9137", "N/A"
"9138", "N/A"
"9139", "N/A"
"9140", "N/A"
"9141", "N/A"
"9142", "N/A"
"9143", "N/A"
"9144", "N/A"
"9145", "N/A"
"9146", "N/A"
"9147", "N/A"
"9148", "N/A"
"9149", "N/A"
"9150", "N/A"
"9151", "N/A"
"9152", "N/A"
"9153", "N/A"
"9154", "N/A"
"9155", "N/A"
"9156", "N/A"
"9157", "N/A"
"9158", "N/A"
"9159", "N/A"
"9160", "N/A"
"9161", "N/A"
"9162", "N/A"
"9163", "N/A"
"9164", "N/A"
"9165", "N/A"
"9166", "N/A"
"9167", "N/A"
"9168", "N/A"
"9169", "N/A"
"9170", "N/A"
"9171", "N/A"
"9172", "N/A"
"9173", "N/A"
"9174", "N/A"
"9175", "N/A"
"9176", "N/A"
"9177", "N/A"
"9178", "N/A"
"9179", "N/A"
"9180", "N/A"
"9181", "N/A"
"9182", "N/A"
"9183", "N/A"
"9184", "N/A"
"9185", "N/A"
"9186", "N/A"
"9187", "N/A"
"9188", "N/A"
"9189", "N/A"
"9190", "N/A"
"9191", "N/A"
"9192", "N/A"
"9193", "N/A"
"9194", "N/A"
"9195", "N/A"
"9196", "N/A"
"9197", "N/A"
"9198", "N/A"
"9199", "N/A"
"9200", "N/A"
"9201", "N/A"
"9202", "N/A"
"9203", "N/A"
"9204", "N/A"
"9205", "N/A"
"9206", "N/A"
"9207", "N/A"
"9208", "N/A"
"9209", "N/A"
"9210", "N/A"
"9211", "N/A"
"9212", "N/A"
"9213", "N/A"
"9214", "N/A"
"9215", "N/A"
"9216", "N/A"
"9217", "N/A"
"9218", "N/A"
"9219", "N/A"
"9220", "N/A"
"9221", "N/A"
"9222", "N/A"
"9223", "N/A"
"9224", "N/A"
"9225", "N/A"
"9226", "N/A"
"9227", "N/A"
"9228", "N/A"
"9229", "N/A"
"9230", "N/A"
"9231", "N/A"
"9232", "N/A"
"9233", "N/A"
"9234", "N/A"
"9235", "N/A"
"9236", "N/A"
"9237", "N/A"
"9238", "N/A"
"9239", "N/A"
"9240", "N/A"
"9241", "N/A"
"9242", "N/A"
"9243", "N/A"
"9244", "N/A"
"9245", "N/A"
"9246", "N/A"
"9247", "N/A"
"9248", "N/A"
"9249", "N/A"
"9250", "N/A"
"9251", "N/A"
"9252", "N/A"
"9253", "N/A"
"9254", "N/A"
"9255", "N/A"
"9256", "N/A"
"9257", "N/A"
"9258", "N/A"
"9259", "N/A"
"9260", "N/A"
"9261", "N/A"
"9262", "N/A"
"9263", "N/A"
"9264", "N/A"
"9265", "N/A"
"9266", "N/A"
"9267", "N/A"
"9268", "N/A"
"9269", "N/A"
"9270", "N/A"
"9271", "N/A"
"9272", "N/A"
"9273", "N/A"
"9274", "N/A"
"9275", "N/A"
"9276", "N/A"
"9277", "N/A"
"9278", "N/A"
"9279", "N/A"
"9280", "N/A"
"9281", "N/A"
"9282", "N/A"
"9283", "N/A"
"9284", "N/A"
"9285", "N/A"
"9286", "N/A"
"9287", "N/A"
"9288", "N/A"
"9289", "N/A"
"9290", "N/A"
"9291", "N/A"
"9292", "N/A"
"9293", "N/A"
"9294", "N/A"
"9295", "N/A"
"9296", "N/A"
"9297", "N/A"
"9298", "N/A"
"9299", "N/A"
"9300", "N/A"
"9301", "N/A"
"9302", "N/A"
"9303", "N/A"
"9304", "N/A"
"9305", "N/A"
"9306", "N/A"
"9307", "N/A"
"9308", "N/A"
"9309", "N/A"
"9310", "N/A"
"9311", "N/A"
"9312", "N/A"
"9313", "N/A"
"9314", "N/A"
"9315", "N/A"
"9316", "N/A"
"9317", "N/A"
"9318", "N/A"
"9319", "N/A"
"9320", "N/A"
"9321", "N/A"
"9322", "N/A"
"9323", "N/A"
"9324", "N/A"
"9325", "N/A"
"9326", "N/A"
"9327", "N/A"
"9328", "N/A"
"9329", "N/A"
"9330", "N/A"
"9331", "N/A"
"9332", "N/A"
"9333", "N/A"
"9334", "N/A"
"9335", "N/A"
"9336", "N/A"
"9337", "N/A"
"9338", "N/A"
"9339", "N/A"
"9340", "N/A"
"9341", "N/A"
"9342", "N/A"
"9343", "N/A"
"9344", "N/A"
"9345", "N/A"
"9346", "N/A"
"9347", "N/A"
"9348", "N/A"
"9349", "N/A"
"9350", "N/A"
"9351", "N/A"
"9352", "N/A"
"9353", "N/A"
"9354", "N/A"
"9355", "N/A"
"9356", "N/A"
"9357", "N/A"
"9358", "N/A"
"9359", "N/A"
"9360", "N/A"
"9361", "N/A"
"9362", "N/A"
"9363", "N/A"
"9364", "N/A"
"9365", "N/A"
"9366", "N/A"
"9367", "N/A"
"9368", "N/A"
"9369", "N/A"
"9370", "N/A"
"9371", "N/A"
"9372", "N/A"
"9373", "N/A"
"9374", "N/A"
"9375", "N/A"
"9376", "N/A"
"9377", "N/A"
"9378", "N/A"
"9379", "N/A"
"9380", "N/A"
"9381", "N/A"
"9382", "N/A"
"9383", "N/A"
"9384", "N/A"
"9385", "N/A"
"9386", "N/A"
"9387", "N/A"
"9388", "N/A"
"9389", "N/A"
"9390", "N/A"
"9391", "N/A"
"9392", "N/A"
"9393", "N/A"
"9394", "N/A"
"9395", "N/A"
"9396", "N/A"
"9397", "N/A"
"9398", "N/A"
"9399", "N/A"
"9400", "N/A"
"9401", "N/A"
"9402", "N/A"
"9403", "N/A"
"9404", "N/A"
"9405", "N/A"
"9406", "N/A"
"9407", "N/A"
"9408", "N/A"
"9409", "N/A"
"9410", "N/A"
"9411", "N/A"
"9412", "N/A"
"9413", "N/A"
"9414", "N/A"
"9415", "N/A"
"9416", "N/A"
"9417", "N/A"
"9418", "N/A"
"9419", "N/A"
"9420", "N/A"
"9421", "N/A"
"9422", "N/A"
"9423", "N/A"
"9424", "N/A"
"9425", "N/A"
"9426", "N/A"
"9427", "N/A"
"9428", "N/A"
"9429", "N/A"
"9430", "N/A"
"9431", "N/A"
"9432", "N/A"
"9433", "N/A"
"9434", "N/A"
"9435", "N/A"
"9436", "N/A"
"9437", "N/A"
"9438", "N/A"
"9439", "N/A"
"9440", "N/A"
"9441", "N/A"
"9442", "N/A"
"9443", "N/A"
"9444", "N/A"
"9445", "N/A"
"9446", "N/A"
"9447", "N/A"
"9448", "N/A"
"9449", "N/A"
"9450", "N/A"
"9451", "N/A"
"9452", "N/A"
"9453", "N/A"
"9454", "N/A"
"9455", "N/A"
"9456", "N/A"
"9457", "N/A"
"9458", "N/A"
"9459", "N/A"
"9460", "N/A"
"9461", "N/A"
"9462", "N/A"
"9463", "N/A"
"9464", "N/A"
"9465", "N/A"
"9466", "N/A"
"9467", "N/A"
"9468", "N/A"
"9469", "N/A"
"9470", "N/A"
"9471", "N/A"
"9472", "N/A"
"9473", "N/A"
"9474", "N/A"
"9475", "N/A"
"9476", "N/A"
"9477", "N/A"
"9478", "N/A"
"9479", "N/A"
"9480", "N/A"
"9481", "N/A"
"9482", "N/A"
"9483", "N/A"
"9484", "N/A"
"9485", "N/A"
"9486", "N/A"
"9487", "N/A"
"9488", "N/A"
"9489", "N/A"
"9490", "N/A"
"9491", "N/A"
"9492", "N/A"
"9493", "N/A"
"9494", "N/A"
"9495", "N/A"
"9496", "N/A"
"9497", "N/A"
"9498", "N/A"
"9499", "N/A"
"9500", "N/A"
"9501", "N/A"
"9502", "N/A"
"9503", "N/A"
"9504", "N/A"
"9505", "N/A"
"9506", "N/A"
"9507", "N/A"
"9508", "N/A"
"9509", "N/A"
"9510", "N/A"
"9511", "N/A"
"9512", "N/A"
"9513", "N/A"
"9514", "N/A"
"9515", "N/A"
"9516", "N/A"
"9517", "N/A"
"9518", "N/A"
"9519", "N/A"
"9520", "N/A"
"9521", "N/A"
"9522", "N/A"
"9523", "N/A"
"9524", "N/A"
"9525", "N/A"
"9526", "N/A"
"9527", "N/A"
"9528", "N/A"
"9529", "N/A"
"9530", "N/A"
"9531", "N/A"
"9532", "N/A"
"9533", "N/A"
"9534", "N/A"
"9535", "N/A"
"9536", "N/A"
"9537", "N/A"
"9538", "N/A"
"9539", "N/A"
"9540", "N/A"
"9541", "N/A"
"9542", "N/A"
"9543", "N/A"
"9544", "N/A"
"9545", "N/A"
"9546", "N/A"
"9547", "N/A"
"9548", "N/A"
"9549", "N/A"
"9550", "N/A"
"9551", "N/A"
"9552", "N/A"
"9553", "N/A"
"9554", "N/A"
"9555", "N/A"
"9556", "N/A"
"9557", "N/A"
"9558", "N/A"
"9559", "N/A"
"9560", "N/A"
"9561", "N/A"
"9562", "N/A"
"9563", "N/A"
"9564", "N/A"
"9565", "N/A"
"9566", "N/A"
"9567", "N/A"
"9568", "N/A"
"9569", "N/A"
"9570", "N/A"
"9571", "N/A"
"9572", "N/A"
"9573", "N/A"
"9574", "N/A"
"9575", "N/A"
"9576", "N/A"
"9577", "N/A"
"9578", "N/A"
"9579", "N/A"
"9580", "N/A"
"9581", "N/A"
"9582", "N/A"
"9583", "N/A"
"9584", "N/A"
"9585", "N/A"
"9586", "N/A"
"9587", "N/A"
"9588", "N/A"
"9589", "N/A"
"9590", "N/A"
"9591", "N/A"
"9592", "N/A"
"9593", "N/A"
"9594", "N/A"
"9595", "N/A"
"9596", "N/A"
"9597", "N/A"
"9598", "N/A"
"9599", "N/A"
"9600", "N/A"
"9601", "N/A"
"9602", "N/A"
"9603", "N/A"
"9604", "N/A"
"9605", "N/A"
"9606", "N/A"
"9607", "N/A"
"9608", "N/A"
"9609", "N/A"
"9610", "N/A"
"9611", "N/A"
"9612", "N/A"
"9613", "N/A"
"9614", "N/A"
"9615", "N/A"
"9616", "N/A"
"9617", "N/A"
"9618", "N/A"
"9619", "N/A"
"9620", "N/A"
"9621", "N/A"
"9622", "N/A"
"9623", "N/A"
"9624", "N/A"
"9625", "N/A"
"9626", "N/A"
"9627", "N/A"
"9628", "N/A"
"9629", "N/A"
"9630", "N/A"
"9631", "N/A"
"9632", "N/A"
"9633", "N/A"
"9634", "N/A"
"9635", "N/A"
"9636", "N/A"
"9637", "N/A"
"9638", "N/A"
"9639", "N/A"
"9640", "N/A"
"9641", "N/A"
"9642", "N/A"
"9643", "N/A"
"9644", "N/A"
"9645", "N/A"
"9646", "N/A"
"9647", "N/A"
"9648", "N/A"
"9649", "N/A"
"9650", "N/A"
"9651", "N/A"
"9652", "N/A"
"9653", "N/A"
"9654", "N/A"
"9655", "N/A"
"9656", "N/A"
"9657", "N/A"
"9658", "N/A"
"9659", "N/A"
"9660", "N/A"
"9661", "N/A"
"9662", "N/A"
"9663", "N/A"
"9664", "N/A"
"9665", "N/A"
"9666", "N/A"
"9667", "N/A"
"9668", "N/A"
"9669", "N/A"
"9670", "N/A"
"9671", "N/A"
"9672", "N/A"
"9673", "N/A"
"9674", "N/A"
"9675", "N/A"
"9676", "N/A"
"9677", "N/A"
"9678", "N/A"
"9679", "N/A"
"9680", "N/A"
"9681", "N/A"
"9682", "N/A"
"9683", "N/A"
"9684", "N/A"
"9685", "N/A"
"9686", "N/A"
"9687", "N/A"
"9688", "N/A"
"9689", "N/A"
"9690", "N/A"
"9691", "N/A"
"9692", "N/A"
"9693", "N/A"
"9694", "N/A"
"9695", "N/A"
"9696", "N/A"
"9697", "N/A"
"9698", "N/A"
"9699", "N/A"
"9700", "N/A"
"9701", "N/A"
"9702", "N/A"
"9703", "N/A"
"9704", "N/A"
"9705", "N/A"
"9706", "N/A"
"9707", "N/A"
"9708", "N/A"
"9709", "N/A"
"9710", "N/A"
"9711", "N/A"
"9712", "N/A"
"9713", "N/A"
"9714", "N/A"
"9715", "N/A"
"9716", "N/A"
"9717", "N/A"
"9718", "N/A"
"9719", "N/A"
"9720", "N/A"
"9721", "N/A"
"9722", "N/A"
"9723", "N/A"
"9724", "N/A"
"9725", "N/A"
"9726", "N/A"
"9727", "N/A"
"9728", "N/A"
"9729", "N/A"
"9730", "N/A"
"9731", "N/A"
"9732", "N/A"
"9733", "N/A"
"9734", "N/A"
"9735", "N/A"
"9736", "N/A"
"9737", "N/A"
"9738", "N/A"
"9739", "N/A"
"9740", "N/A"
"9741", "N/A"
"9742", "N/A"
"9743", "N/A"
"9744", "N/A"
"9745", "N/A"
"9746", "N/A"
"9747", "N/A"
"9748", "N/A"
"9749", "N/A"
"9750", "N/A"
"9751", "N/A"
"9752", "N/A"
"9753", "N/A"
"9754", "N/A"
"9755", "N/A"
"9756", "N/A"
"9757", "N/A"
"9758", "N/A"
"9759", "N/A"
"9760", "N/A"
"9761", "N/A"
"9762", "N/A"
"9763", "N/A"
"9764", "N/A"
"9765", "N/A"
"9766", "N/A"
"9767", "N/A"
"9768", "N/A"
"9769", "N/A"
"9770", "N/A"
"9771", "N/A"
"9772", "N/A"
"9773", "N/A"
"9774", "N/A"
"9775", "N/A"
"9776", "N/A"
"9777", "N/A"
"9778", "N/A"
"9779", "N/A"
"9780", "N/A"
"9781", "N/A"
"9782", "N/A"
"9783", "N/A"
"9784", "N/A"
"9785", "N/A"
"9786", "N/A"
"9787", "N/A"
"9788", "N/A"
"9789", "N/A"
"9790", "N/A"
"9791", "N/A"
"9792", "N/A"
"9793", "N/A"
"9794", "N/A"
"9795", "N/A"
"9796", "N/A"
"9797", "N/A"
"9798", "N/A"
"9799", "N/A"
"9800", "N/A"
"9801", "N/A"
"9802", "N/A"
"9803", "N/A"
"9804", "N/A"
"9805", "N/A"
"9806", "N/A"
"9807", "N/A"
"9808", "N/A"
"9809", "N/A"
"9810", "N/A"
"9811", "N/A"
"9812", "N/A"
"9813", "N/A"
"9814", "N/A"
"9815", "N/A"
"9816", "N/A"
"9817", "N/A"
"9818", "N/A"
"9819", "N/A"
"9820", "N/A"
"9821", "N/A"
"9822", "N/A"
"9823", "N/A"
"9824", "N/A"
"9825", "N/A"
"9826", "N/A"
"9827", "N/A"
"9828", "N/A"
"9829", "N/A"
"9830", "N/A"
"9831", "N/A"
"9832", "N/A"
"9833", "N/A"
"9834", "N/A"
"9835", "N/A"
"9836", "N/A"
"9837", "N/A"
"9838", "N/A"
"9839", "N/A"
"9840", "N/A"
"9841", "N/A"
"9842", "N/A"
"9843", "N/A"
"9844", "N/A"
"9845", "N/A"
"9846", "N/A"
"9847", "N/A"
"9848", "N/A"
"9849", "N/A"
"9850", "N/A"
"9851", "N/A"
"9852", "N/A"
"9853", "N/A"
"9854", "N/A"
"9855", "N/A"
"9856", "N/A"
"9857", "N/A"
"9858", "N/A"
"9859", "N/A"
"9860", "N/A"
"9861", "N/A"
"9862", "N/A"
"9863", "N/A"
"9864", "N/A"
"9865", "N/A"
"9866", "N/A"
"9867", "N/A"
"9868", "N/A"
"9869", "N/A"
"9870", "N/A"
"9871", "N/A"
"9872", "N/A"
"9873", "N/A"
"9874", "N/A"
"9875", "N/A"
"9876", "N/A"
"9877", "N/A"
"9878", "N/A"
"9879", "N/A"
"9880", "N/A"
"9881", "N/A"
"9882", "N/A"
"9883", "N/A"
"9884", "N/A"
"9885", "N/A"
"9886", "N/A"
"9887", "N/A"
"9888", "N/A"
"9889", "N/A"
"9890", "N/A"
"9891", "N/A"
"9892", "N/A"
"9893", "N/A"
"9894", "N/A"
"9895", "N/A"
"9896", "N/A"
"9897", "N/A"
"9898", "N/A"
"9899", "N/A"
"9900", "N/A"
"9901", "N/A"
"9902", "N/A"
"9903", "N/A"
"9904", "N/A"
"9905", "N/A"
"9906", "N/A"
"9907", "N/A"
"9908", "N/A"
"9909", "N/A"
"9910", "N/A"
"9911", "N/A"
"9912", "N/A"
"9913", "N/A"
"9914", "N/A"
"9915", "N/A"
"9916", "N/A"
"9917", "N/A"
"9918", "N/A"
"9919", "N/A"
"9920", "N/A"
"9921", "N/A"
"9922", "N/A"
"9923", "N/A"
"9924", "N/A"
"9925", "N/A"
"9926", "N/A"
"9927", "N/A"
"9928", "N/A"
"9929", "N/A"
"9930", "N/A"
"9931", "N/A"
"9932", "N/A"
"9933", "N/A"
"9934", "N/A"
"9935", "N/A"
"9936", "N/A"
"9937", "N/A"
"9938", "N/A"
"9939", "N/A"
"9940", "N/A"
"9941", "N/A"
"9942", "N/A"
"9943", "N/A"
"9944", "N/A"
"9945", "N/A"
"9946", "N/A"
"9947", "N/A"
"9948", "N/A"
"9949", "N/A"
"9950", "N/A"
"9951", "N/A"
"9952", "N/A"
"9953", "N/A"
"9954", "N/A"
"9955", "N/A"
"9956", "N/A"
"9957", "N/A"
"9958", "N/A"
"9959", "N/A"
"9960", "N/A"
"9961", "N/A"
"9962", "N/A"
"9963", "N/A"
"9964", "N/A"
"9965", "N/A"
"9966", "N/A"
"9967", "N/A"
"9968", "N/A"
"9969", "N/A"
"9970", "N/A"
"9971", "N/A"
"9972", "N/A"
"9973", "N/A"
"9974", "N/A"
"9975", "N/A"
"9976", "N/A"
"9977", "N/A"
"9978", "N/A"
"9979", "N/A"
"9980", "N/A"
"9981", "N/A"
"9982", "N/A"
"9983", "N/A"
"9984", "N/A"
"9985", "N/A"
"9986", "N/A"
"9987", "N/A"
"9988", "N/A"
"9989", "N/A"
"9990", "N/A"
"9991", "N/A"
"9992", "N/A"
"9993", "N/A"
"9994", "N/A"
"9995", "N/A"
"9996", "N/A"
"9997", "N/A"
"9998", "N/A"
"9999", "N/A"
"10000", "N/A"
